join_key,District,State,lat,lon,elderly_pct,child_pct,outdoor_labor_pct,ndvi_green_cover,ndbi_builtup,lst_offset_c,slum_density_pct
Andhra Pradesh|Adilabad,Adilabad,Andhra Pradesh,19.256458,78.972134,9.1,10.7,64.6,0.29,0.44,0.9,5.2
Uttar Pradesh|Agra,Agra,Uttar Pradesh,27.03766,78.079466,9.2,14.5,43.9,0.38,0.37,0.7,16.3
Gujarat|Ahmadabad,Ahmadabad,Gujarat,22.710023,72.195952,8.2,10.8,43.1,0.19,0.6,3.1,12.8
Maharashtra|Ahmadnagar,Ahmadnagar,Maharashtra,19.203495,74.676902,8.6,9.9,39.5,0.35,0.33,1.7,2.8
Mizoram|Aizawl,Aizawl,Mizoram,23.81062,92.889055,10.4,11.7,49.0,0.54,0.41,0.9,6.1
Rajasthan|Ajmer,Ajmer,Rajasthan,26.229897,74.775167,10.5,11.3,63.2,0.34,0.27,0.8,7.0
Maharashtra|Akola,Akola,Maharashtra,20.748908,77.053286,8.1,10.0,57.3,0.34,0.17,1.2,15.7
Kerala|Alappuzha,Alappuzha,Kerala,9.423558,76.44958,12.5,7.4,36.5,0.25,0.44,0.8,12.4
Uttar Pradesh|Aligarh,Aligarh,Uttar Pradesh,27.926866,78.079311,9.5,14.1,52.9,0.53,0.23,1.2,11.4
Madhya Pradesh|Alirajpur,Alirajpur,Madhya Pradesh,22.313841,74.364523,8.5,13.0,40.0,0.35,0.32,1.6,7.5
Uttar Pradesh|Allahabad,Allahabad,Uttar Pradesh,25.298896,81.971718,8.1,13.7,56.2,0.45,0.28,0.5,3.7
Uttarakhand|Almora,Almora,Uttarakhand,29.689198,79.501938,8.8,12.3,57.2,0.37,0.36,1.5,16.6
Rajasthan|Alwar,Alwar,Rajasthan,27.591473,76.606022,9.4,9.7,37.8,0.6,0.18,1.5,11.6
Haryana|Ambala,Ambala,Haryana,30.328536,76.942196,12.8,11.9,62.8,0.51,0.12,1.8,11.8
Uttar Pradesh|Ambedkar Nagar,Ambedkar Nagar,Uttar Pradesh,26.420068,82.669245,9.2,12.9,48.0,0.38,0.43,1.7,7.2
Maharashtra|Amravati,Amravati,Maharashtra,21.18784,77.572016,11.2,11.6,62.5,0.51,0.33,0.8,13.0
Gujarat|Amreli,Amreli,Gujarat,21.383897,71.216451,10.1,11.8,39.6,0.27,0.43,0.7,17.0
Punjab|Amritsar,Amritsar,Punjab,31.704612,74.900668,11.5,11.8,61.6,0.28,0.3,1.7,15.6
Gujarat|Anand,Anand,Gujarat,22.447978,72.777328,9.2,10.4,49.5,0.67,0.26,0.3,14.5
Andhra Pradesh|Anantapur,Anantapur,Andhra Pradesh,14.481028,77.576878,11.9,11.3,40.5,0.54,0.27,0.5,6.6
Jammu & Kashmir|Anantnag,Anantnag,Jammu & Kashmir,33.815203,75.357499,11.4,10.2,40.6,0.32,0.18,1.5,11.6
Arunanchal Pradesh|Anjaw,Anjaw,Arunanchal Pradesh,28.065489,96.828778,12.1,11.6,64.5,0.6,0.32,0.3,3.9
Odisha|Anugul,Anugul,Odisha,20.986366,84.908959,11.6,12.0,38.4,0.48,0.36,1.7,4.9
Madhya Pradesh|Anuppur,Anuppur,Madhya Pradesh,23.056741,81.683994,8.6,10.7,60.8,0.56,0.44,0.6,4.3
Bihar|Araria,Araria,Bihar,26.199497,87.354341,9.1,14.5,39.8,0.54,0.22,1.8,6.7
Tamil Nadu|Ariyalur,Ariyalur,Tamil Nadu,11.160536,79.244223,17.7,9.2,40.5,0.67,0.34,0.3,6.5
Madhya Pradesh|Ashoknagar,Ashoknagar,Madhya Pradesh,24.609367,77.875198,8.5,12.2,42.4,0.29,0.45,0.0,17.9
Uttar Pradesh|Auraiya,Auraiya,Uttar Pradesh,26.660686,79.482755,8.5,15.8,63.7,0.3,0.17,0.0,9.7
Bihar|Aurangabad,Aurangabad,Bihar,24.792871,84.412197,6.7,12.9,59.7,0.26,0.18,0.5,2.5
Maharashtra|Aurangabad,Aurangabad,Maharashtra,20.021515,75.27345,8.9,9.2,58.9,0.61,0.42,0.3,15.9
Uttar Pradesh|Azamgarh,Azamgarh,Uttar Pradesh,26.047042,83.069655,8.3,14.7,48.4,0.35,0.29,0.2,8.7
Jammu & Kashmir|Badgam,Badgam,Jammu & Kashmir,33.890006,74.662969,10.2,9.3,57.4,0.34,0.2,1.6,12.7
Karnataka|Bagalkot,Bagalkot,Karnataka,16.220549,75.625376,9.2,9.7,51.5,0.56,0.23,1.0,13.5
Uttarakhand|Bageshwar,Bageshwar,Uttarakhand,29.991112,79.859606,8.3,9.8,35.4,0.45,0.32,1.0,9.8
Uttar Pradesh|Baghpat,Baghpat,Uttar Pradesh,29.055273,77.312862,8.0,15.0,52.4,0.35,0.31,1.4,11.5
Uttar Pradesh|Bahraich,Bahraich,Uttar Pradesh,27.736385,81.451867,7.5,13.5,43.6,0.28,0.38,1.7,5.1
Assam|Baksa,Baksa,Assam,26.664847,91.346514,11.4,12.0,59.4,0.39,0.4,0.8,8.3
Madhya Pradesh|Balaghat,Balaghat,Madhya Pradesh,21.880763,80.360611,12.1,11.4,45.2,0.32,0.45,1.6,2.7
Odisha|Balangir,Balangir,Odisha,20.590462,83.173883,9.7,11.1,54.1,0.45,0.24,1.4,8.6
Odisha|Baleshwar,Baleshwar,Odisha,21.489779,86.917045,10.8,9.6,35.7,0.34,0.28,1.7,16.6
Uttar Pradesh|Ballia,Ballia,Uttar Pradesh,25.875384,84.105463,7.7,13.0,37.9,0.44,0.31,1.7,8.0
Uttar Pradesh|Balrampur,Balrampur,Uttar Pradesh,27.484972,82.377593,7.4,14.8,60.9,0.32,0.11,0.9,15.1
Gujarat|Banas Kantha,Banas Kantha,Gujarat,24.283524,72.031936,9.9,12.7,35.1,0.52,0.21,1.3,12.4
Uttar Pradesh|Banda,Banda,Uttar Pradesh,25.464857,80.56177,8.7,16.0,56.5,0.27,0.37,1.6,14.0
Jammu & Kashmir|Bandipore,Bandipore,Jammu & Kashmir,34.504036,74.828318,11.5,10.2,54.2,0.49,0.4,0.3,3.5
Karnataka|Bangalore Rural,Bangalore Rural,Karnataka,13.225668,77.575011,8.8,11.5,60.5,0.39,0.16,1.1,8.1
Karnataka|Bangalore,Bangalore,Karnataka,12.950835,77.595936,8.6,9.2,54.5,0.45,0.35,1.4,12.9
Bihar|Banka,Banka,Bihar,24.853693,86.840858,7.8,15.1,49.7,0.53,0.4,1.6,14.8
West Bengal|Bankura,Bankura,West Bengal,23.14098,87.134957,8.1,12.8,54.8,0.29,0.18,0.0,13.2
Rajasthan|Banswara,Banswara,Rajasthan,23.475174,74.363902,12.7,11.3,61.6,0.39,0.23,0.3,7.7
Uttar Pradesh|Bara Banki,Bara Banki,Uttar Pradesh,26.938642,81.327403,6.7,12.8,51.8,0.43,0.25,1.0,9.5
Odisha|Bargarh,Bargarh,Odisha,21.220225,83.353441,11.6,10.8,35.5,0.37,0.39,0.8,8.5
Jammu & Kashmir|Baramula,Baramula,Jammu & Kashmir,34.16274,74.463392,10.3,10.6,61.8,0.43,0.15,0.6,15.2
Rajasthan|Baran,Baran,Rajasthan,24.995174,76.75659,10.9,9.8,42.6,0.27,0.31,1.6,15.2
West Bengal|Barddhaman,Barddhaman,West Bengal,23.42777,87.767732,10.4,10.0,60.1,0.68,0.25,1.4,10.1
Uttar Pradesh|Bareilly,Bareilly,Uttar Pradesh,28.449429,79.422282,7.2,13.4,60.4,0.66,0.38,1.3,11.0
Rajasthan|Barmer,Barmer,Rajasthan,25.735584,71.473268,8.8,11.2,44.3,0.31,0.31,0.9,16.4
Punjab|Barnala,Barnala,Punjab,30.397194,75.5048,12.6,12.8,54.1,0.59,0.31,1.7,2.6
Assam|Barpeta,Barpeta,Assam,26.340183,91.010841,9.1,9.9,53.2,0.6,0.21,1.5,2.2
Madhya Pradesh|Barwani,Barwani,Madhya Pradesh,21.787373,75.021316,12.0,11.4,64.2,0.27,0.31,1.7,3.2
Chhattisgarh|Bastar,Bastar,Chhattisgarh,19.421963,81.770259,9.3,10.6,42.7,0.66,0.38,0.2,2.2
Uttar Pradesh|Basti,Basti,Uttar Pradesh,26.818345,82.631087,7.7,13.3,35.1,0.55,0.27,1.0,2.5
Punjab|Bathinda,Bathinda,Punjab,30.182766,75.040659,10.8,11.7,49.3,0.58,0.18,1.1,14.8
Odisha|Bauda,Bauda,Odisha,20.646815,84.177645,10.9,12.8,37.7,0.35,0.31,0.1,18.0
Bihar|Begusarai,Begusarai,Bihar,25.495287,86.130844,9.1,16.4,58.5,0.54,0.11,1.3,8.8
Karnataka|Belgaum,Belgaum,Karnataka,16.119442,74.822982,8.6,11.0,49.4,0.66,0.33,1.4,15.3
Karnataka|Bellary,Bellary,Karnataka,15.109563,76.533357,11.2,9.1,47.6,0.36,0.22,0.7,3.7
Madhya Pradesh|Betul,Betul,Madhya Pradesh,21.877963,77.87104,9.7,10.5,53.6,0.59,0.19,0.3,17.1
Odisha|Bhadrak,Bhadrak,Odisha,20.985859,86.625402,10.7,12.5,53.0,0.29,0.42,0.2,9.5
Bihar|Bhagalpur,Bhagalpur,Bihar,25.270485,87.084374,6.7,12.3,59.2,0.56,0.17,0.8,14.2
Maharashtra|Bhandara,Bhandara,Maharashtra,21.129211,79.750896,12.8,10.4,53.8,0.56,0.24,0.6,17.2
Rajasthan|Bharatpur,Bharatpur,Rajasthan,27.245655,77.278828,8.3,10.4,56.3,0.6,0.44,1.2,13.5
Gujarat|Bharuch,Bharuch,Gujarat,21.786403,72.925147,12.6,9.1,54.7,0.34,0.25,1.1,16.2
Gujarat|Bhavnagar,Bhavnagar,Gujarat,21.666347,71.840976,12.1,9.8,37.2,0.43,0.18,1.7,8.4
Rajasthan|Bhilwara,Bhilwara,Rajasthan,25.480058,74.72872,12.4,11.5,41.1,0.47,0.43,1.7,2.6
Madhya Pradesh|Bhind,Bhind,Madhya Pradesh,26.42108,78.722647,11.8,11.3,47.5,0.57,0.28,1.1,6.5
Haryana|Bhiwani,Bhiwani,Haryana,28.717943,75.967617,8.4,10.7,57.1,0.4,0.27,1.0,15.0
Bihar|Bhojpur,Bhojpur,Bihar,25.469046,84.543681,8.5,15.8,41.6,0.65,0.26,1.0,18.0
Madhya Pradesh|Bhopal,Bhopal,Madhya Pradesh,23.47796,77.396076,10.7,9.4,46.7,0.56,0.15,0.6,13.7
Maharashtra|Bid,Bid,Maharashtra,18.930415,75.869679,12.6,11.8,50.9,0.67,0.39,0.4,12.9
Karnataka|Bidar,Bidar,Karnataka,17.952829,77.226454,8.2,12.9,54.6,0.62,0.33,0.1,10.9
Chhattisgarh|Bijapur,Bijapur,Chhattisgarh,18.843216,80.7761,12.7,11.3,55.3,0.5,0.14,0.2,14.3
Karnataka|Bijapur,Bijapur,Karnataka,16.793724,75.953096,9.8,10.5,49.9,0.42,0.27,0.5,6.9
Uttar Pradesh|Bijnor,Bijnor,Uttar Pradesh,29.386983,78.398756,7.8,15.5,42.9,0.58,0.22,0.9,15.6
Rajasthan|Bikaner,Bikaner,Rajasthan,28.177724,73.177397,11.0,11.8,37.6,0.37,0.26,0.7,15.5
Chhattisgarh|Bilaspur,Bilaspur,Chhattisgarh,22.351317,81.961668,11.0,9.6,45.8,0.41,0.39,1.6,16.8
Himachal Pradesh|Bilaspur,Bilaspur,Himachal Pradesh,31.372313,76.671902,9.2,9.0,46.3,0.61,0.28,0.4,4.0
West Bengal|Birbhum,Birbhum,West Bengal,23.953559,87.666478,8.5,9.9,53.6,0.27,0.1,1.1,14.1
Manipur|Bishnupur,Bishnupur,Manipur,24.535221,93.801093,8.7,12.2,58.5,0.55,0.17,1.8,9.0
Jharkhand|Bokaro,Bokaro,Jharkhand,23.691536,85.98803,10.0,11.6,51.6,0.61,0.28,1.6,15.9
Assam|Bongaigaon,Bongaigaon,Assam,26.365205,90.624781,8.8,9.6,53.0,0.42,0.11,0.7,8.1
Uttar Pradesh|Budaun,Budaun,Uttar Pradesh,28.115296,78.945362,9.0,12.7,59.5,0.4,0.43,0.4,9.5
Uttar Pradesh|Bulandshahr,Bulandshahr,Uttar Pradesh,28.357574,78.012305,8.7,13.8,49.5,0.42,0.36,1.1,8.1
Maharashtra|Buldana,Buldana,Maharashtra,20.511057,76.408266,12.5,12.5,47.3,0.47,0.42,1.3,4.5
Rajasthan|Bundi,Bundi,Rajasthan,25.47004,75.777479,9.8,10.4,41.4,0.63,0.31,1.8,13.4
Madhya Pradesh|Burhanpur,Burhanpur,Madhya Pradesh,21.372051,76.370196,8.8,9.8,54.3,0.27,0.44,0.3,3.6
Bihar|Buxar,Buxar,Bihar,25.491436,84.101822,9.1,14.8,54.1,0.43,0.28,1.1,10.1
Assam|Cachar,Cachar,Assam,24.811249,92.856422,12.6,10.2,46.9,0.4,0.27,0.2,8.7
NCT of Delhi|Central,Central,NCT of Delhi,28.643118,77.219675,9.5,10.6,54.5,0.45,0.18,0.2,8.2
Himachal Pradesh|Chamba,Chamba,Himachal Pradesh,32.677454,76.35425,8.6,11.7,40.4,0.33,0.12,0.2,6.2
Uttarakhand|Chamoli,Chamoli,Uttarakhand,30.495348,79.578739,8.6,12.1,46.1,0.67,0.13,0.9,15.9
Uttarakhand|Champawat,Champawat,Uttarakhand,29.298847,80.069735,9.7,11.2,62.4,0.6,0.29,0.5,4.2
Mizoram|Champhai,Champhai,Mizoram,23.529404,93.240017,9.6,11.3,51.2,0.45,0.26,0.1,8.4
Karnataka|Chamrajnagar,Chamrajnagar,Karnataka,11.956894,77.099755,12.0,11.5,45.6,0.45,0.36,1.0,15.7
Uttar Pradesh|Chandauli,Chandauli,Uttar Pradesh,25.137431,83.261087,9.1,15.2,57.6,0.39,0.17,1.0,12.7
Manipur|Chandel,Chandel,Manipur,24.235492,94.093184,11.1,11.0,46.6,0.53,0.3,0.2,15.0
Chandigarh|Chandigarh,Chandigarh,Chandigarh,30.730057,76.781472,12.4,12.8,61.9,0.44,0.22,0.1,16.5
Maharashtra|Chandrapur,Chandrapur,Maharashtra,20.117928,79.443771,8.8,9.8,36.5,0.41,0.12,1.8,16.8
Arunanchal Pradesh|Changlang,Changlang,Arunanchal Pradesh,27.362646,96.345176,12.4,10.2,51.1,0.5,0.43,0.9,14.2
Jharkhand|Chatra,Chatra,Jharkhand,24.1736,84.886881,12.6,11.7,52.8,0.48,0.12,0.2,7.6
Tamil Nadu|Chennai,Chennai,Tamil Nadu,13.064698,80.25231,14.8,8.7,39.7,0.18,0.5,3.3,21.9
Madhya Pradesh|Chhatarpur,Chhatarpur,Madhya Pradesh,24.797828,79.664978,10.8,10.8,61.2,0.52,0.38,1.0,6.0
Madhya Pradesh|Chhindwara,Chhindwara,Madhya Pradesh,22.121379,78.85549,12.3,9.2,38.9,0.3,0.18,0.2,9.4
Karnataka|Chikkaballapura,Chikkaballapura,Karnataka,13.578232,77.836189,11.8,11.8,58.3,0.5,0.38,1.0,12.9
Karnataka|Chikmagalur,Chikmagalur,Karnataka,13.454274,75.691344,10.8,11.8,51.2,0.42,0.33,1.3,10.3
Assam|Chirang,Chirang,Assam,26.642974,90.616292,10.3,11.2,57.2,0.55,0.43,1.2,13.7
Karnataka|Chitradurga,Chitradurga,Karnataka,14.167503,76.516426,9.3,10.3,63.0,0.27,0.36,0.4,11.5
Uttar Pradesh|Chitrakoot,Chitrakoot,Uttar Pradesh,25.205111,81.089623,7.7,12.5,62.5,0.38,0.19,1.8,10.8
Rajasthan|Chittaurgarh,Chittaurgarh,Rajasthan,24.828686,74.779796,10.6,9.6,40.1,0.57,0.24,0.1,10.7
Andhra Pradesh|Chittoor,Chittoor,Andhra Pradesh,13.467225,79.014317,11.0,12.5,45.9,0.68,0.19,1.0,2.4
Manipur|Churachandpur,Churachandpur,Manipur,24.289772,93.426876,8.4,11.5,49.8,0.42,0.39,1.2,7.7
Rajasthan|Churu,Churu,Rajasthan,28.345505,74.698516,12.4,9.2,61.8,0.45,0.25,1.8,9.5
Tamil Nadu|Coimbatore,Coimbatore,Tamil Nadu,10.874524,76.97558,13.9,7.2,36.6,0.27,0.18,0.8,13.7
Tamil Nadu|Cuddalore,Cuddalore,Tamil Nadu,11.5351,79.450959,12.4,8.8,49.3,0.39,0.34,1.2,17.4
Andhra Pradesh|Y.s.r.,Y.s.r.,Andhra Pradesh,14.459869,78.783565,8.8,11.0,42.9,0.51,0.25,1.6,3.0
Odisha|Cuttack,Cuttack,Odisha,20.449593,85.705745,10.8,11.8,49.4,0.55,0.31,0.1,6.1
Dadara & Nagar Havelli|Dadra & Nagar Haveli,Dadra & Nagar Haveli,Dadara & Nagar Havelli,20.195053,73.070653,11.1,12.8,42.7,0.36,0.22,0.1,15.5
Chhattisgarh|Dakshin Bastar Dantewada,Dakshin Bastar Dantewada,Chhattisgarh,18.499958,81.37964,12.1,9.5,64.0,0.57,0.25,1.3,11.6
West Bengal|Dakshin Dinajpur,Dakshin Dinajpur,West Bengal,25.364006,88.588184,10.8,11.1,43.0,0.63,0.28,0.6,2.8
Karnataka|Dakshina Kannada,Dakshina Kannada,Karnataka,12.838221,75.266651,9.6,12.3,63.6,0.62,0.15,0.7,13.9
Daman & Diu|Daman,Daman,Daman & Diu,20.414065,72.852354,11.4,10.7,64.1,0.27,0.36,1.4,9.8
Madhya Pradesh|Damoh,Damoh,Madhya Pradesh,23.812785,79.527307,10.9,12.2,43.2,0.55,0.2,1.5,12.6
Bihar|Darbhanga,Darbhanga,Bihar,26.113796,86.025289,8.8,12.9,49.4,0.61,0.39,0.4,14.3
West Bengal|Darjiling,Darjiling,West Bengal,26.913465,88.394682,10.2,12.3,46.8,0.61,0.22,0.6,13.3
Assam|Darrang,Darrang,Assam,26.449265,92.037403,9.6,11.2,64.1,0.32,0.14,1.4,9.8
Jammu & Kashmir|Data Not Available,Data Not Available,Jammu & Kashmir,35.530808,74.903832,8.7,11.1,63.3,0.64,0.43,1.2,11.3
Madhya Pradesh|Datia,Datia,Madhya Pradesh,25.850611,78.568894,8.0,12.6,60.8,0.26,0.17,0.8,7.4
Karnataka|Davanagere,Davanagere,Karnataka,14.408032,75.95477,9.6,10.3,41.4,0.57,0.26,1.1,7.5
Odisha|Debagarh,Debagarh,Odisha,21.465867,84.803732,10.5,11.9,64.4,0.51,0.42,0.6,4.6
Uttarakhand|Dehradun,Dehradun,Uttarakhand,30.463505,77.973247,12.4,10.5,37.0,0.32,0.43,0.7,16.4
Jharkhand|Deoghar,Deoghar,Jharkhand,24.327974,86.741141,8.7,11.3,48.7,0.66,0.18,1.2,2.5
Uttar Pradesh|Deoria,Deoria,Uttar Pradesh,26.422737,83.836566,6.8,14.9,36.3,0.57,0.26,1.1,2.5
Madhya Pradesh|Dewas,Dewas,Madhya Pradesh,22.74509,76.456403,9.4,11.3,47.4,0.45,0.16,1.3,3.6
Tripura|Dhalai,Dhalai,Tripura,23.843072,91.925906,10.3,11.7,58.2,0.65,0.44,1.4,12.4
Chhattisgarh|Dhamtari,Dhamtari,Chhattisgarh,20.556139,81.8105,9.6,10.0,53.5,0.41,0.32,0.9,3.3
Jharkhand|Dhanbad,Dhanbad,Jharkhand,23.82926,86.471943,9.2,9.5,46.8,0.64,0.17,1.2,16.0
Madhya Pradesh|Dhar,Dhar,Madhya Pradesh,22.497429,75.104139,9.0,11.7,45.7,0.41,0.37,0.6,8.3
Tamil Nadu|Dharmapuri,Dharmapuri,Tamil Nadu,12.096885,78.195788,12.8,8.2,46.0,0.52,0.43,1.3,18.0
Karnataka|Dharwad,Dharwad,Karnataka,15.389352,75.153839,11.9,11.2,63.7,0.46,0.24,0.9,17.5
Rajasthan|Dhaulpur,Dhaulpur,Rajasthan,26.680788,77.703343,12.1,12.6,52.1,0.63,0.43,0.1,11.5
Assam|Dhemaji,Dhemaji,Assam,27.577746,94.777818,8.4,11.6,54.5,0.55,0.29,0.9,14.0
Odisha|Dhenkanal,Dhenkanal,Odisha,20.826175,85.526213,9.6,11.9,56.6,0.47,0.12,1.3,2.9
Assam|Dhubri,Dhubri,Assam,26.068152,90.021855,9.7,9.3,64.4,0.57,0.42,1.3,16.7
Maharashtra|Dhule,Dhule,Maharashtra,21.109877,74.601095,12.2,10.4,50.6,0.27,0.27,1.4,10.0
Arunanchal Pradesh|Dibang Valley,Dibang Valley,Arunanchal Pradesh,28.951303,95.902753,13.0,11.1,37.8,0.29,0.44,1.5,15.9
Assam|Dibrugarh,Dibrugarh,Assam,27.366443,95.056174,10.9,9.4,48.2,0.46,0.16,1.4,15.9
Tamil Nadu|Dindigul,Dindigul,Tamil Nadu,10.38976,77.820035,17.0,7.8,54.7,0.49,0.44,1.0,11.7
Madhya Pradesh|Dindori,Dindori,Madhya Pradesh,22.888939,81.056101,9.7,10.4,36.0,0.39,0.18,1.4,11.6
Daman & Diu|Diu,Diu,Daman & Diu,20.720892,70.939868,10.2,12.1,64.2,0.55,0.18,1.5,12.1
Jammu & Kashmir|Doda,Doda,Jammu & Kashmir,33.100814,75.649701,11.5,9.0,58.9,0.47,0.16,1.7,10.6
Gujarat|Dohad,Dohad,Gujarat,22.857274,74.11595,8.6,11.3,63.1,0.48,0.13,0.3,5.6
Jharkhand|Dumka,Dumka,Jharkhand,24.319676,87.266637,10.8,12.5,61.3,0.55,0.32,1.4,10.8
Rajasthan|Dungarpur,Dungarpur,Rajasthan,23.732488,73.855135,12.1,11.8,63.5,0.33,0.2,1.6,3.5
Chhattisgarh|Durg,Durg,Chhattisgarh,21.191009,81.353874,8.6,9.2,55.0,0.51,0.35,0.4,11.8
Nagaland|Dimapur,Dimapur,Nagaland,25.778525,93.785084,8.4,12.5,60.9,0.43,0.31,1.7,6.7
NCT of Delhi|East,East,NCT of Delhi,28.629248,77.298023,10.1,11.4,43.3,0.43,0.41,0.7,8.4
Sikkim|East,East,Sikkim,27.292758,88.678047,9.4,9.0,52.1,0.46,0.32,0.8,7.8
Meghalaya|East Garo Hills,East Garo Hills,Meghalaya,25.735169,90.634221,12.8,16.4,44.0,0.43,0.44,0.7,7.7
Andhra Pradesh|East Godavari,East Godavari,Andhra Pradesh,17.186947,82.012674,9.4,11.6,36.4,0.41,0.37,1.0,2.0
Arunanchal Pradesh|East Kameng,East Kameng,Arunanchal Pradesh,27.441116,92.968009,10.5,9.7,43.8,0.43,0.31,1.1,17.3
Meghalaya|East Khasi Hills,East Khasi Hills,Meghalaya,25.380404,91.800651,8.5,15.4,60.1,0.28,0.12,1.4,3.0
Madhya Pradesh|East Nimar,East Nimar,Madhya Pradesh,21.936186,76.571439,11.7,10.0,46.7,0.37,0.24,1.3,7.1
Arunanchal Pradesh|East Siang,East Siang,Arunanchal Pradesh,28.123786,95.163393,8.7,11.6,38.0,0.58,0.27,1.2,16.8
Kerala|Ernakulam,Ernakulam,Kerala,10.057658,76.472682,16.7,7.0,64.8,0.43,0.14,1.3,13.3
Tamil Nadu|Erode,Erode,Tamil Nadu,11.515201,77.414302,18.3,8.9,64.5,0.36,0.11,1.1,5.3
Uttar Pradesh|Etah,Etah,Uttar Pradesh,27.512064,78.713186,8.6,14.1,62.7,0.42,0.27,1.0,15.5
Uttar Pradesh|Etawah,Etawah,Uttar Pradesh,26.759287,79.096551,9.1,15.7,56.8,0.49,0.12,0.9,2.1
Uttar Pradesh|Faizabad,Faizabad,Uttar Pradesh,26.658914,81.992424,9.5,14.2,54.8,0.34,0.2,1.5,13.9
Haryana|Faridabad,Faridabad,Haryana,28.33272,77.354765,12.9,11.8,60.1,0.49,0.19,0.1,12.3
Punjab|Faridkot,Faridkot,Punjab,30.610863,74.779169,11.6,11.4,62.4,0.67,0.38,0.6,8.5
Uttar Pradesh|Farrukhabad,Farrukhabad,Uttar Pradesh,27.430377,79.461343,8.4,16.0,43.2,0.48,0.14,1.2,4.7
Haryana|Fatehabad,Fatehabad,Haryana,29.576428,75.579159,11.7,10.0,54.6,0.28,0.26,0.8,12.0
Punjab|Fatehgarh Sahib,Fatehgarh Sahib,Punjab,30.632221,76.365316,12.2,10.8,37.4,0.45,0.27,0.5,8.5
Uttar Pradesh|Fatehpur,Fatehpur,Uttar Pradesh,25.873335,80.806992,8.7,16.2,35.6,0.44,0.3,0.9,17.9
Uttar Pradesh|Firozabad,Firozabad,Uttar Pradesh,27.180605,78.539867,7.7,14.3,42.1,0.46,0.31,1.8,16.8
Punjab|Firozpur,Firozpur,Punjab,30.560487,74.400903,8.2,11.9,59.1,0.35,0.17,0.5,11.6
Karnataka|Gadag,Gadag,Karnataka,15.431066,75.666278,9.3,9.3,44.1,0.45,0.27,1.0,14.7
Odisha|Gajapati,Gajapati,Odisha,19.173383,84.16068,10.3,12.4,50.7,0.45,0.13,0.7,12.0
Jammu & Kashmir|Ganderbal,Ganderbal,Jammu & Kashmir,34.294666,75.199964,9.4,10.1,51.1,0.31,0.43,1.3,14.0
Gujarat|Gandhinagar,Gandhinagar,Gujarat,23.255005,72.692335,9.1,9.3,44.2,0.44,0.14,1.7,11.6
Rajasthan|Ganganagar,Ganganagar,Rajasthan,29.395477,73.563155,8.6,10.9,42.9,0.47,0.28,1.3,5.4
Odisha|Ganjam,Ganjam,Odisha,19.626933,84.671068,10.1,12.7,54.6,0.62,0.31,0.5,2.1
Maharashtra|Garhchiroli,Garhchiroli,Maharashtra,19.784918,80.241083,12.8,10.7,50.1,0.55,0.43,1.7,13.7
Jharkhand|Garhwa,Garhwa,Jharkhand,24.101049,83.699326,8.0,9.1,50.2,0.26,0.2,1.8,10.3
Uttarakhand|Garhwal,Garhwal,Uttarakhand,29.892869,78.769623,9.0,11.9,60.8,0.45,0.27,0.5,8.6
Uttar Pradesh|Gautam Buddha Nagar,Gautam Buddha Nagar,Uttar Pradesh,28.397862,77.547057,6.9,12.8,47.4,0.3,0.18,0.5,7.3
Bihar|Gaya,Gaya,Bihar,24.699076,84.935995,6.6,15.3,50.9,0.37,0.14,0.9,15.2
Uttar Pradesh|Ghaziabad,Ghaziabad,Uttar Pradesh,28.738921,77.706707,7.6,12.0,54.8,0.42,0.4,0.4,12.1
Uttar Pradesh|Ghazipur,Ghazipur,Uttar Pradesh,25.622446,83.556211,9.2,14.0,53.3,0.32,0.29,0.0,15.0
Jharkhand|Giridih,Giridih,Jharkhand,24.296357,86.110286,12.9,12.2,40.6,0.56,0.25,0.9,6.6
Assam|Goalpara,Goalpara,Assam,26.055456,90.605506,11.7,9.5,38.4,0.47,0.31,0.3,2.6
Jharkhand|Godda,Godda,Jharkhand,24.859581,87.312123,9.6,12.8,56.9,0.51,0.14,0.1,14.3
Assam|Golaghat,Golaghat,Assam,26.457267,93.833443,11.6,9.0,60.1,0.44,0.28,0.7,3.5
Uttar Pradesh|Gonda,Gonda,Uttar Pradesh,27.08411,82.025569,7.0,16.4,43.7,0.65,0.42,1.8,8.8
Maharashtra|Gondiya,Gondiya,Maharashtra,21.148971,80.205352,8.9,9.1,41.4,0.32,0.28,0.4,9.9
Bihar|Gopalganj,Gopalganj,Bihar,26.442745,84.377309,7.0,16.5,38.8,0.59,0.25,1.8,15.7
Uttar Pradesh|Gorakhpur,Gorakhpur,Uttar Pradesh,26.657783,83.361434,9.3,15.8,61.5,0.49,0.11,1.7,13.7
Karnataka|Gulbarga,Gulbarga,Karnataka,17.260174,76.869488,12.1,10.0,35.8,0.26,0.28,0.8,12.2
Jharkhand|Gumla,Gumla,Jharkhand,23.102262,84.534676,12.6,11.2,62.5,0.28,0.33,1.4,7.6
Madhya Pradesh|Guna,Guna,Madhya Pradesh,24.554642,77.20082,9.0,11.9,49.0,0.5,0.34,1.1,17.5
Andhra Pradesh|Guntur,Guntur,Andhra Pradesh,16.298807,80.091523,11.4,12.9,39.1,0.28,0.15,0.0,15.5
Punjab|Gurdaspur,Gurdaspur,Punjab,32.024197,75.386443,11.1,10.3,59.8,0.67,0.14,1.7,6.4
Haryana|Gurgaon,Gurgaon,Haryana,28.368061,76.940774,12.9,11.4,60.3,0.67,0.4,1.7,9.6
Madhya Pradesh|Gwalior,Gwalior,Madhya Pradesh,26.011378,78.219572,9.6,10.4,56.1,0.62,0.34,0.4,14.3
Assam|Hailakandi,Hailakandi,Assam,24.494118,92.588773,9.9,10.8,39.8,0.4,0.27,1.7,14.5
Himachal Pradesh|Hamirpur,Hamirpur,Himachal Pradesh,31.668041,76.525766,12.6,9.1,55.6,0.54,0.13,0.3,12.7
Uttar Pradesh|Hamirpur,Hamirpur,Uttar Pradesh,25.73161,79.878936,6.9,14.8,49.9,0.57,0.1,1.7,15.8
Rajasthan|Hanumangarh,Hanumangarh,Rajasthan,29.27139,74.549011,10.0,12.0,39.0,0.63,0.44,1.0,7.8
West Bengal|Haora,Haora,West Bengal,22.526034,88.067519,8.3,11.3,60.0,0.3,0.12,1.8,12.5
Madhya Pradesh|Harda,Harda,Madhya Pradesh,22.234178,77.121103,8.5,10.8,57.7,0.49,0.12,0.8,2.1
Uttar Pradesh|Hardoi,Hardoi,Uttar Pradesh,27.328706,80.162509,7.7,16.3,53.7,0.49,0.43,0.9,11.8
Uttarakhand|Hardwar,Hardwar,Uttarakhand,29.871812,78.001213,11.6,11.2,44.4,0.64,0.17,1.1,2.6
Karnataka|Hassan,Hassan,Karnataka,12.995356,76.109064,9.5,11.7,53.6,0.27,0.11,1.7,16.5
Uttar Pradesh|Mahamaya Nagar,Mahamaya Nagar,Uttar Pradesh,27.577588,78.161576,8.5,16.4,46.2,0.35,0.27,0.4,5.0
Karnataka|Haveri,Haveri,Karnataka,14.738084,75.417714,10.2,12.4,55.7,0.46,0.18,0.5,5.8
Jharkhand|Hazaribagh,Hazaribagh,Jharkhand,23.989979,85.413211,8.5,11.8,50.3,0.61,0.12,1.6,10.5
Maharashtra|Hingoli,Hingoli,Maharashtra,19.615157,77.1189,9.9,11.1,48.0,0.42,0.37,0.2,16.9
Haryana|Hisar,Hisar,Haryana,29.215092,75.815609,12.1,9.4,41.7,0.54,0.16,1.7,15.0
Madhya Pradesh|Hoshangabad,Hoshangabad,Madhya Pradesh,22.588285,77.988932,10.7,12.4,38.4,0.26,0.38,1.5,17.0
Punjab|Hoshiarpur,Hoshiarpur,Punjab,31.62601,75.858765,8.5,9.1,39.9,0.51,0.16,0.8,15.3
West Bengal|Hugli,Hugli,West Bengal,22.884702,88.079813,10.5,9.8,42.7,0.45,0.12,0.8,14.4
Andhra Pradesh|Hyderabad,Hyderabad,Andhra Pradesh,17.389835,78.46994,10.6,12.8,28.3,0.21,0.54,2.7,19.8
Kerala|Idukki,Idukki,Kerala,9.882198,77.027463,14.3,8.6,39.7,0.41,0.3,0.4,6.2
Manipur|Imphal East,Imphal East,Manipur,24.816553,93.942121,9.6,12.8,45.7,0.63,0.17,1.1,17.8
Manipur|Imphal West,Imphal West,Manipur,24.6816,93.154398,11.6,9.2,40.9,0.27,0.17,0.0,7.8
Madhya Pradesh|Indore,Indore,Madhya Pradesh,22.713058,75.782176,10.9,12.3,55.9,0.59,0.3,0.1,3.3
Madhya Pradesh|Jabalpur,Jabalpur,Madhya Pradesh,23.232563,79.976503,8.9,9.9,45.5,0.44,0.3,1.4,10.6
Odisha|Jagatsinghapur,Jagatsinghapur,Odisha,20.22182,86.343651,9.6,10.0,62.6,0.35,0.25,1.4,16.1
Meghalaya|Jaintia Hills,Jaintia Hills,Meghalaya,25.368353,92.381076,9.9,12.6,60.8,0.3,0.19,0.2,7.8
Rajasthan|Jaipur,Jaipur,Rajasthan,26.980451,75.72431,12.7,11.6,50.4,0.42,0.23,1.2,8.5
Rajasthan|Jaisalmer,Jaisalmer,Rajasthan,27.0774,70.903385,10.8,9.2,40.3,0.41,0.36,1.3,13.9
Odisha|Jajapur,Jajapur,Odisha,20.855928,86.152197,11.0,9.3,59.4,0.6,0.23,1.7,8.0
Punjab|Jalandhar,Jalandhar,Punjab,31.212615,75.566577,11.0,11.3,63.8,0.26,0.28,1.1,3.7
Uttar Pradesh|Jalaun,Jalaun,Uttar Pradesh,26.091189,79.387426,6.6,12.3,48.0,0.52,0.37,1.1,16.3
Maharashtra|Jalgaon,Jalgaon,Maharashtra,20.935515,75.489905,9.5,9.2,51.4,0.63,0.42,1.3,5.9
Maharashtra|Jalna,Jalna,Maharashtra,19.818195,75.981886,11.6,10.4,35.7,0.32,0.14,1.8,17.3
Rajasthan|Jalor,Jalor,Rajasthan,25.097771,72.211864,11.2,11.9,60.0,0.64,0.11,0.6,9.2
West Bengal|Jalpaiguri,Jalpaiguri,West Bengal,26.660517,89.08443,9.0,12.1,41.4,0.6,0.32,1.3,4.1
Jammu & Kashmir|Jammu,Jammu,Jammu & Kashmir,32.762518,74.788371,8.2,11.5,41.1,0.62,0.38,0.1,4.8
Gujarat|Jamnagar,Jamnagar,Gujarat,22.252184,69.91356,13.0,11.7,56.4,0.56,0.23,0.5,2.0
Jharkhand|Jamtara,Jamtara,Jharkhand,23.976913,86.917231,10.9,9.2,39.6,0.46,0.21,1.6,4.8
Bihar|Jamui,Jamui,Bihar,24.783801,86.295214,8.3,14.4,50.6,0.4,0.26,0.8,10.9
Chhattisgarh|Janjgir-champa,Janjgir-champa,Chhattisgarh,21.926232,82.737935,8.6,10.3,40.8,0.48,0.24,0.6,15.4
Chhattisgarh|Jashpur,Jashpur,Chhattisgarh,22.800429,83.866362,10.9,12.4,45.0,0.68,0.39,1.3,4.3
Uttar Pradesh|Jaunpur,Jaunpur,Uttar Pradesh,25.746,82.575913,8.2,15.4,37.3,0.33,0.39,1.2,12.4
Madhya Pradesh|Jhabua,Jhabua,Madhya Pradesh,22.89059,74.67181,10.3,10.9,46.3,0.59,0.16,1.0,5.6
Haryana|Jhajjar,Jhajjar,Haryana,28.604751,76.649414,12.4,11.1,49.6,0.49,0.27,1.1,4.0
Rajasthan|Jhalawar,Jhalawar,Rajasthan,24.328857,76.19677,10.8,11.4,43.0,0.57,0.43,0.4,15.7
Uttar Pradesh|Jhansi,Jhansi,Uttar Pradesh,25.505448,78.953975,7.6,14.8,56.3,0.28,0.36,0.7,17.3
Odisha|Jharsuguda,Jharsuguda,Odisha,21.805985,83.954734,8.6,9.3,35.2,0.6,0.45,1.4,16.1
Rajasthan|Jhunjhunun,Jhunjhunun,Rajasthan,28.091906,75.552407,12.8,10.1,61.0,0.59,0.35,0.4,17.3
Rajasthan|Jodhpur,Jodhpur,Rajasthan,26.75083,72.788028,9.1,12.1,45.9,0.68,0.36,0.1,12.8
Assam|Jorhat,Jorhat,Assam,26.793961,94.256546,11.5,9.4,42.7,0.59,0.39,0.5,17.4
Gujarat|Junagadh,Junagadh,Gujarat,21.221602,70.554189,8.7,11.7,64.7,0.37,0.27,0.7,8.7
Uttar Pradesh|Jyotiba Phule Nagar,Jyotiba Phule Nagar,Uttar Pradesh,28.813549,78.32936,7.7,14.4,44.3,0.43,0.29,1.2,11.7
Gujarat|Kachchh,Kachchh,Gujarat,23.628397,69.959958,8.1,11.1,62.7,0.46,0.14,0.7,13.0
Bihar|Kaimur (bhabua),Kaimur (bhabua),Bihar,24.991128,83.606667,9.1,16.3,55.9,0.35,0.39,1.0,11.2
Haryana|Kaithal,Kaithal,Haryana,29.814022,76.418226,8.4,11.8,44.9,0.27,0.24,0.9,8.6
Odisha|Kalahandi,Kalahandi,Odisha,19.867699,83.109231,9.2,11.5,35.2,0.53,0.39,0.3,3.2
Assam|Kamrup,Kamrup,Assam,26.118011,91.406148,11.5,11.0,50.2,0.38,0.37,1.7,13.1
Assam|Kamrup Metropolitan,Kamrup Metropolitan,Assam,26.090025,91.821599,12.0,11.7,51.7,0.32,0.28,0.8,15.6
Tamil Nadu|Kancheepuram,Kancheepuram,Tamil Nadu,12.695165,79.947867,14.1,9.1,51.1,0.65,0.34,0.3,2.7
Odisha|Kandhamal,Kandhamal,Odisha,20.128896,84.047243,12.7,11.7,50.0,0.33,0.25,0.5,7.5
Himachal Pradesh|Kangra,Kangra,Himachal Pradesh,32.10875,76.317689,10.9,12.2,54.1,0.46,0.29,1.6,4.2
Chhattisgarh|Uttar Bastar Kanker,Uttar Bastar Kanker,Chhattisgarh,20.147721,81.129188,8.8,9.9,45.4,0.33,0.15,0.3,7.6
Uttar Pradesh|Kannauj,Kannauj,Uttar Pradesh,27.011972,79.687944,9.4,15.1,56.0,0.53,0.31,1.2,16.0
Tamil Nadu|Kanniyakumari,Kanniyakumari,Tamil Nadu,8.306941,77.361429,15.2,7.0,55.9,0.35,0.23,1.1,15.7
Kerala|Kannur,Kannur,Kerala,11.9999,75.526282,17.4,7.1,52.0,0.58,0.11,0.5,17.0
Uttar Pradesh|Kanpur Dehat,Kanpur Dehat,Uttar Pradesh,26.444783,79.85713,8.0,12.6,60.0,0.57,0.3,1.4,7.3
Uttar Pradesh|Kanpur Nagar,Kanpur Nagar,Uttar Pradesh,26.380524,80.215779,9.4,13.7,62.3,0.61,0.19,1.7,12.5
Uttar Pradesh|Kansiram Nagar,Kansiram Nagar,Uttar Pradesh,27.777216,78.84537,9.2,14.0,36.8,0.66,0.36,1.5,7.4
Punjab|Kapurthala,Kapurthala,Punjab,31.354059,75.403072,12.1,10.3,39.1,0.44,0.29,1.8,6.2
Assam|Karbi Anglong,Karbi Anglong,Assam,26.065452,93.148707,8.2,11.3,47.6,0.37,0.1,0.3,17.7
Jammu & Kashmir|Kargil,Kargil,Jammu & Kashmir,33.966601,76.484452,12.7,9.9,57.7,0.51,0.31,0.8,11.6
Assam|Karimganj,Karimganj,Assam,24.581302,92.377457,8.7,10.4,46.9,0.48,0.33,0.8,8.9
Andhra Pradesh|Karimnagar,Karimnagar,Andhra Pradesh,18.549654,79.240902,10.0,12.5,52.4,0.45,0.26,1.7,2.4
Haryana|Karnal,Karnal,Haryana,29.687462,76.884748,10.5,10.3,41.9,0.66,0.15,0.5,15.3
Tamil Nadu|Karur,Karur,Tamil Nadu,10.842978,78.133091,16.7,7.7,40.2,0.63,0.41,0.4,9.0
Kerala|Kasaragod,Kasaragod,Kerala,12.462818,75.153682,14.4,9.0,47.1,0.58,0.44,0.7,15.4
Jammu & Kashmir|Kathua,Kathua,Jammu & Kashmir,32.566266,75.593799,10.1,11.5,45.3,0.48,0.37,0.3,12.8
Bihar|Katihar,Katihar,Bihar,25.545446,87.644986,6.8,13.2,52.7,0.29,0.4,1.0,12.6
Madhya Pradesh|Katni,Katni,Madhya Pradesh,23.7542,80.401464,10.8,12.1,54.3,0.46,0.41,1.3,7.4
Uttar Pradesh|Kaushambi,Kaushambi,Uttar Pradesh,25.488742,81.453591,8.8,14.0,59.6,0.43,0.29,0.3,16.5
Odisha|Kendrapara,Kendrapara,Odisha,20.553126,86.609699,9.6,12.9,64.2,0.66,0.24,0.5,15.7
Odisha|Kendujhar,Kendujhar,Odisha,21.537081,85.705072,13.0,12.3,43.2,0.5,0.2,1.7,2.5
Bihar|Khagaria,Khagaria,Bihar,25.512183,86.603146,7.3,15.1,58.6,0.4,0.25,0.2,6.3
Andhra Pradesh|Khammam,Khammam,Andhra Pradesh,17.597095,80.6873,11.4,11.1,44.2,0.31,0.4,0.4,17.7
Gujarat|Kheda,Kheda,Gujarat,22.876275,73.016733,9.9,11.8,45.9,0.65,0.37,1.3,3.0
Uttar Pradesh|Kheri,Kheri,Uttar Pradesh,28.122514,80.667047,8.8,13.9,39.5,0.4,0.33,1.4,3.5
Odisha|Khordha,Khordha,Odisha,20.089963,85.511418,11.9,10.8,52.8,0.4,0.23,1.0,12.5
Jharkhand|Khunti,Khunti,Jharkhand,22.997713,85.274546,11.8,10.4,53.5,0.4,0.13,1.0,16.0
Himachal Pradesh|Kinnaur,Kinnaur,Himachal Pradesh,31.596794,78.412625,12.2,11.0,38.4,0.48,0.12,1.6,9.6
Nagaland|Kiphire,Kiphire,Nagaland,25.844856,94.825142,11.9,11.0,55.3,0.64,0.43,1.7,4.7
Bihar|Kishanganj,Kishanganj,Bihar,26.295615,87.935283,6.7,12.0,49.4,0.63,0.29,1.6,17.9
Jammu & Kashmir|Kishtwar,Kishtwar,Jammu & Kashmir,33.529576,76.014617,11.3,12.5,55.7,0.45,0.19,0.8,12.7
West Bengal|Koch Bihar,Koch Bihar,West Bengal,26.291068,89.343642,12.8,9.0,51.3,0.59,0.11,0.9,6.5
Karnataka|Kodagu,Kodagu,Karnataka,12.324364,75.803275,8.6,9.2,39.8,0.29,0.19,1.0,5.0
Jharkhand|Kodarma,Kodarma,Jharkhand,24.437036,85.595598,11.4,12.6,50.5,0.27,0.11,0.0,16.8
Nagaland|Kohima,Kohima,Nagaland,25.781039,94.129076,8.1,11.2,54.8,0.46,0.29,0.8,16.9
Assam|Kokrajhar,Kokrajhar,Assam,26.514508,90.130629,8.2,11.2,38.0,0.33,0.25,1.2,6.1
Karnataka|Kolar,Kolar,Karnataka,13.139328,78.217693,10.0,13.0,62.3,0.36,0.44,1.5,13.2
Mizoram|Kolasib,Kolasib,Mizoram,24.197972,92.726936,12.6,11.0,36.1,0.5,0.17,0.3,8.9
Maharashtra|Kolhapur,Kolhapur,Maharashtra,16.468438,74.159993,8.1,11.0,64.9,0.35,0.4,0.5,16.6
West Bengal|Kolkata,Kolkata,West Bengal,22.555257,88.35584,11.2,11.1,34.4,0.25,0.67,2.0,31.5
Kerala|Kollam,Kollam,Kerala,8.960991,76.87487,15.5,7.4,60.7,0.3,0.18,0.3,4.3
Karnataka|Koppal,Koppal,Karnataka,15.561749,76.221866,10.3,10.3,40.8,0.25,0.36,0.5,2.9
Odisha|Koraput,Koraput,Odisha,18.816546,82.721266,10.8,12.5,55.3,0.31,0.42,0.5,8.7
Chhattisgarh|Korba,Korba,Chhattisgarh,22.532055,82.61226,8.3,10.3,49.6,0.64,0.13,1.5,3.8
Chhattisgarh|Koriya,Koriya,Chhattisgarh,23.468141,82.23719,8.7,9.7,55.5,0.3,0.36,0.3,6.6
Rajasthan|Kota,Kota,Rajasthan,25.12413,76.129317,11.9,11.0,45.4,0.59,0.14,0.8,6.9
Kerala|Kottayam,Kottayam,Kerala,9.637065,76.650919,13.5,7.3,41.4,0.4,0.39,0.4,2.7
Kerala|Kozhikode,Kozhikode,Kerala,11.484801,75.834361,13.8,8.8,39.4,0.53,0.11,0.7,4.0
Andhra Pradesh|Krishna,Krishna,Andhra Pradesh,16.562644,80.800667,8.7,11.3,38.9,0.54,0.34,1.8,3.0
Tamil Nadu|Krishnagiri,Krishnagiri,Tamil Nadu,12.489038,78.032694,16.3,7.8,38.3,0.59,0.2,0.1,16.7
Jammu & Kashmir|Kulgam,Kulgam,Jammu & Kashmir,33.588189,74.860575,9.0,12.9,45.4,0.31,0.25,0.1,15.5
Himachal Pradesh|Kullu,Kullu,Himachal Pradesh,31.904467,77.400218,10.6,10.7,57.6,0.58,0.28,0.0,7.8
Jammu & Kashmir|Kupwara,Kupwara,Jammu & Kashmir,34.531932,74.266054,11.8,10.2,40.8,0.54,0.41,0.4,16.2
Andhra Pradesh|Kurnool,Kurnool,Andhra Pradesh,15.533622,78.00615,8.5,11.1,56.5,0.39,0.25,1.3,5.6
Haryana|Kurukshetra,Kurukshetra,Haryana,30.04507,76.786201,10.6,11.1,47.2,0.67,0.13,1.1,15.5
Arunanchal Pradesh|Kurung Kumey,Kurung Kumey,Arunanchal Pradesh,27.999829,93.392404,9.0,9.3,55.3,0.34,0.12,0.8,8.4
Uttar Pradesh|Kushinagar,Kushinagar,Uttar Pradesh,26.86171,83.934855,7.4,14.5,52.8,0.28,0.13,1.3,13.9
Himachal Pradesh|Lahul & Spiti,Lahul & Spiti,Himachal Pradesh,32.480506,77.616134,10.4,9.2,53.1,0.37,0.31,1.6,3.2
Assam|Lakhimpur,Lakhimpur,Assam,27.168957,94.12581,12.1,11.0,41.4,0.42,0.23,0.3,4.0
Bihar|Lakhisarai,Lakhisarai,Bihar,25.155466,86.131164,9.0,12.2,36.4,0.33,0.18,0.7,15.0
Uttar Pradesh|Lalitpur,Lalitpur,Uttar Pradesh,24.653336,78.561883,8.0,16.1,57.1,0.37,0.31,0.1,14.7
Jharkhand|Latehar,Latehar,Jharkhand,23.717787,84.443226,8.3,10.9,60.9,0.47,0.45,1.7,13.4
Maharashtra|Latur,Latur,Maharashtra,18.360523,76.775085,9.7,9.6,51.4,0.51,0.25,0.4,2.4
Mizoram|Lawangtlai,Lawangtlai,Mizoram,22.3836,92.713197,9.7,12.0,36.3,0.46,0.34,1.5,11.9
Jammu & Kashmir|Leh (ladakh),Leh (ladakh),Jammu & Kashmir,34.338836,78.43592,12.5,11.4,45.6,0.63,0.45,1.1,3.1
Jharkhand|Lohardaga,Lohardaga,Jharkhand,23.475683,84.670022,10.0,9.1,36.5,0.28,0.19,1.5,2.4
Arunanchal Pradesh|Lohit,Lohit,Arunanchal Pradesh,27.840119,96.195209,10.8,12.7,63.7,0.5,0.39,1.7,8.2
Nagaland|Longleng,Longleng,Nagaland,26.555401,94.800309,9.7,11.6,63.1,0.64,0.19,0.4,7.5
Arunanchal Pradesh|Lower Dibang Valley,Lower Dibang Valley,Arunanchal Pradesh,28.372582,95.880395,8.6,9.5,53.0,0.47,0.41,0.3,12.4
Arunanchal Pradesh|Lower Subansiri,Lower Subansiri,Arunanchal Pradesh,27.625542,93.939079,9.6,9.2,39.3,0.59,0.11,0.4,6.6
Uttar Pradesh|Lucknow,Lucknow,Uttar Pradesh,26.841571,80.906732,9.2,15.0,59.2,0.65,0.33,1.6,10.8
Punjab|Ludhiana,Ludhiana,Punjab,30.808741,75.838153,12.6,11.5,58.8,0.28,0.41,0.1,11.2
Mizoram|Lunglei,Lunglei,Mizoram,22.971923,92.722582,8.5,10.9,56.0,0.47,0.2,1.1,14.2
Bihar|Madhepura,Madhepura,Bihar,25.825892,86.896288,7.7,14.2,51.7,0.61,0.29,0.4,9.1
Bihar|Madhubani,Madhubani,Bihar,26.405665,86.217927,7.4,12.1,39.4,0.28,0.21,1.5,3.2
Tamil Nadu|Madurai,Madurai,Tamil Nadu,9.920963,78.006294,16.8,8.2,38.0,0.37,0.13,1.5,10.1
Uttar Pradesh|Maharajganj,Maharajganj,Uttar Pradesh,27.202529,83.533259,6.6,13.6,37.8,0.32,0.15,0.2,3.3
Chhattisgarh|Mahasamund,Mahasamund,Chhattisgarh,21.207099,82.61282,10.2,9.5,45.7,0.48,0.4,0.5,3.3
Andhra Pradesh|Mahbubnagar,Mahbubnagar,Andhra Pradesh,16.498531,78.146134,10.5,10.4,63.8,0.4,0.35,1.8,13.5
Puducherry|Mahe,Mahe,Puducherry,11.726678,75.541538,10.8,9.7,60.4,0.4,0.13,0.4,11.6
Haryana|Mahendragarh,Mahendragarh,Haryana,28.172889,76.143167,11.9,9.5,62.7,0.36,0.17,1.7,12.1
Gujarat|Mahesana,Mahesana,Gujarat,23.608974,72.461924,10.0,10.0,41.6,0.34,0.19,0.4,11.1
Uttar Pradesh|Mahoba,Mahoba,Uttar Pradesh,25.344272,79.696648,7.5,13.8,36.8,0.42,0.12,1.4,8.7
Uttar Pradesh|Mainpuri,Mainpuri,Uttar Pradesh,27.180573,79.059074,7.7,16.2,59.8,0.64,0.24,1.6,14.4
Kerala|Malappuram,Malappuram,Kerala,11.132066,76.155781,12.8,8.7,55.7,0.33,0.4,1.7,11.3
West Bengal|Maldah,Maldah,West Bengal,25.136681,88.092326,8.5,10.7,43.4,0.39,0.34,1.2,11.2
Odisha|Malkangiri,Malkangiri,Odisha,18.258068,81.956331,11.1,10.0,54.0,0.56,0.3,1.4,8.3
Mizoram|Mamit,Mamit,Mizoram,23.754013,92.467184,8.0,9.2,57.2,0.48,0.38,1.6,16.5
Himachal Pradesh|Mandi,Mandi,Himachal Pradesh,31.638285,76.992944,12.0,12.2,38.5,0.29,0.29,1.6,2.3
Madhya Pradesh|Mandla,Mandla,Madhya Pradesh,22.640413,80.513442,12.3,12.7,46.5,0.35,0.18,0.6,13.9
Madhya Pradesh|Mandsaur,Mandsaur,Madhya Pradesh,24.211338,75.405543,8.9,9.2,59.2,0.26,0.35,1.7,12.4
Karnataka|Mandya,Mandya,Karnataka,12.610311,76.798045,11.9,12.2,59.1,0.57,0.37,0.1,18.0
Punjab|Mansa,Mansa,Punjab,29.908375,75.438946,11.1,10.7,62.8,0.59,0.35,0.4,15.6
Assam|Marigaon,Marigaon,Assam,26.284769,92.281964,9.7,12.1,45.8,0.32,0.19,1.0,14.9
Uttar Pradesh|Mathura,Mathura,Uttar Pradesh,27.596807,77.627641,6.8,13.9,64.5,0.37,0.25,1.7,6.2
Uttar Pradesh|Mau,Mau,Uttar Pradesh,26.043059,83.56288,7.3,14.3,39.3,0.64,0.27,1.5,16.4
Odisha|Mayurbhanj,Mayurbhanj,Odisha,21.895172,86.411179,8.4,12.0,43.8,0.35,0.36,0.5,13.0
Andhra Pradesh|Medak,Medak,Andhra Pradesh,17.888002,78.215686,12.9,11.3,41.3,0.61,0.24,0.5,11.2
Uttar Pradesh|Meerut,Meerut,Uttar Pradesh,29.035726,77.793924,9.2,15.6,63.4,0.63,0.25,0.2,2.6
Haryana|Mewat,Mewat,Haryana,27.981665,77.046561,11.0,9.6,60.4,0.57,0.43,1.7,8.4
Uttar Pradesh|Mirzapur,Mirzapur,Uttar Pradesh,24.985413,82.619196,8.2,14.2,39.9,0.47,0.18,1.3,5.2
Punjab|Moga,Moga,Punjab,30.770013,75.168045,12.5,12.4,42.7,0.29,0.23,0.5,11.7
Nagaland|Mokokchung,Mokokchung,Nagaland,26.471965,94.531756,10.3,9.1,49.8,0.44,0.32,0.3,3.6
Nagaland|Mon,Mon,Nagaland,26.73118,95.021655,9.1,12.1,49.0,0.62,0.17,0.3,17.2
Uttar Pradesh|Moradabad,Moradabad,Uttar Pradesh,28.775232,78.708533,6.9,16.3,58.8,0.48,0.32,0.2,17.2
Madhya Pradesh|Morena,Morena,Madhya Pradesh,26.413781,77.868817,11.1,11.6,58.2,0.57,0.1,1.2,11.7
Punjab|Muktsar,Muktsar,Punjab,30.29464,74.541021,11.5,11.4,52.2,0.39,0.26,0.2,14.1
Maharashtra|Mumbai,Mumbai,Maharashtra,18.959628,72.849623,12.9,9.5,36.6,0.2,0.46,3.1,13.7
Maharashtra|Mumbai Suburban,Mumbai Suburban,Maharashtra,19.12958,72.88507,11.4,10.1,22.6,0.29,0.7,3.3,24.5
Bihar|Munger,Munger,Bihar,25.209967,86.52735,7.3,15.6,54.6,0.5,0.2,0.3,16.6
West Bengal|Murshidabad,Murshidabad,West Bengal,24.161151,88.231067,12.7,11.5,43.1,0.59,0.14,0.4,8.2
Uttar Pradesh|Muzaffarnagar,Muzaffarnagar,Uttar Pradesh,29.439016,77.592319,8.6,14.3,37.1,0.49,0.35,1.2,3.0
Bihar|Muzaffarpur,Muzaffarpur,Bihar,26.151145,85.330759,9.2,14.5,49.5,0.51,0.31,1.1,12.7
Karnataka|Mysore,Mysore,Karnataka,12.208988,76.44286,10.1,11.1,37.2,0.59,0.44,0.5,15.6
Odisha|Nabarangapur,Nabarangapur,Odisha,19.588042,82.337664,10.9,11.8,43.2,0.51,0.22,1.8,9.6
West Bengal|Nadia,Nadia,West Bengal,23.482694,88.521449,12.2,11.4,49.9,0.67,0.21,1.7,14.9
Assam|Nagaon,Nagaon,Assam,26.222955,92.842518,8.2,12.3,56.0,0.25,0.17,0.5,7.8
Rajasthan|Nagaur,Nagaur,Rajasthan,27.06404,74.187948,9.2,11.5,48.0,0.29,0.24,0.8,4.9
Maharashtra|Nagpur,Nagpur,Maharashtra,21.176285,79.087574,9.6,10.8,54.2,0.39,0.37,1.3,11.6
Uttarakhand|Nainital,Nainital,Uttarakhand,29.312709,79.454722,12.2,11.6,51.3,0.68,0.17,0.9,11.8
Bihar|Nalanda,Nalanda,Bihar,25.220821,85.455862,7.3,16.3,37.6,0.53,0.26,1.0,12.2
Assam|Nalbari,Nalbari,Assam,26.367925,91.387668,12.5,11.7,58.5,0.31,0.29,1.4,9.8
Andhra Pradesh|Nalgonda,Nalgonda,Andhra Pradesh,17.067799,79.288681,8.2,9.5,45.4,0.67,0.31,1.1,12.4
Tamil Nadu|Namakkal,Namakkal,Tamil Nadu,11.316252,78.136139,15.3,8.6,47.4,0.57,0.3,1.8,3.9
Maharashtra|Nanded,Nanded,Maharashtra,19.115932,77.624008,11.7,10.7,48.8,0.65,0.3,1.6,6.5
Maharashtra|Nandurbar,Nandurbar,Maharashtra,21.549649,74.218699,9.5,11.9,41.8,0.33,0.44,0.5,9.9
Chhattisgarh|Narayanpur,Narayanpur,Chhattisgarh,19.604265,81.081192,12.1,12.8,52.7,0.41,0.38,0.8,14.5
Gujarat|Narmada,Narmada,Gujarat,21.735372,73.647533,11.8,9.3,44.4,0.45,0.4,0.2,16.5
Madhya Pradesh|Narsimhapur,Narsimhapur,Madhya Pradesh,22.934566,79.08728,12.9,12.1,41.1,0.45,0.42,1.1,13.1
Maharashtra|Nashik,Nashik,Maharashtra,20.259216,74.07142,9.9,12.0,46.3,0.61,0.35,0.5,5.7
Gujarat|Navsari,Navsari,Gujarat,20.815173,73.089729,11.7,9.3,55.5,0.35,0.15,1.1,11.4
Bihar|Nawada,Nawada,Bihar,24.811038,85.594136,8.2,14.2,43.3,0.5,0.22,1.1,13.7
Odisha|Nayagarh,Nayagarh,Odisha,20.213057,84.999438,9.9,9.1,57.2,0.33,0.13,0.6,6.2
Madhya Pradesh|Neemuch,Neemuch,Madhya Pradesh,24.605643,75.144625,10.7,9.1,51.8,0.5,0.24,0.8,10.0
Andhra Pradesh|Sri Potti Sriramulu Nellore,Sri Potti Sriramulu Nellore,Andhra Pradesh,14.426802,79.734401,10.2,12.2,45.5,0.53,0.16,1.7,16.0
NCT of Delhi|New Delhi,New Delhi,NCT of Delhi,28.610883,77.213971,11.3,11.8,26.2,0.27,0.6,3.1,19.6
Andhra Pradesh|Nizamabad,Nizamabad,Andhra Pradesh,18.526102,78.143941,10.0,12.9,43.7,0.42,0.4,0.3,16.6
NCT of Delhi|North,North,NCT of Delhi,28.710563,77.211537,12.8,11.6,41.4,0.31,0.23,0.6,15.4
Sikkim|North,North,Sikkim,27.743396,88.532447,13.0,10.4,48.5,0.61,0.34,0.0,15.5
West Bengal|North 24 Parganas,North 24 Parganas,West Bengal,22.464952,88.780323,10.7,9.0,46.8,0.62,0.44,1.1,13.7
Assam|Dima Hasao,Dima Hasao,Assam,25.377052,93.034172,9.4,11.5,35.3,0.51,0.36,0.0,7.1
NCT of Delhi|North East,North East,NCT of Delhi,28.707692,77.273976,11.7,11.7,64.5,0.56,0.43,1.5,8.2
Goa|North Goa,North Goa,Goa,15.552533,73.980657,16.5,11.5,36.4,0.44,0.11,1.1,8.1
Tripura|North Tripura,North Tripura,Tripura,24.130503,92.15552,12.7,11.8,50.6,0.59,0.3,1.6,14.2
NCT of Delhi|North West,North West,NCT of Delhi,28.768779,77.086867,8.6,12.4,58.8,0.68,0.27,0.3,6.7
Odisha|Nuapada,Nuapada,Odisha,20.465662,82.578315,11.3,10.9,46.2,0.47,0.14,1.2,11.1
Maharashtra|Osmanabad,Osmanabad,Maharashtra,18.189067,76.038788,11.3,12.8,40.4,0.47,0.11,0.7,9.4
Jharkhand|Pakur,Pakur,Jharkhand,24.563261,87.66413,10.0,11.6,43.6,0.52,0.21,0.3,14.4
Kerala|Palakkad,Palakkad,Kerala,10.794641,76.558584,15.2,7.3,39.9,0.63,0.29,1.8,3.0
Jharkhand|Palamu,Palamu,Jharkhand,24.202416,84.167431,8.1,11.2,56.0,0.38,0.27,1.7,15.4
Rajasthan|Pali,Pali,Rajasthan,25.707873,73.520649,12.8,9.2,48.8,0.51,0.22,1.7,14.2
Haryana|Palwal,Palwal,Haryana,28.047497,77.31835,9.3,12.8,58.9,0.25,0.13,1.3,15.0
Gujarat|Panch Mahals,Panch Mahals,Gujarat,22.903958,73.664142,9.5,10.4,62.2,0.35,0.21,1.7,5.0
Haryana|Panchkula,Panchkula,Haryana,30.685985,76.977626,12.1,10.5,39.8,0.46,0.26,0.4,16.6
Haryana|Panipat,Panipat,Haryana,29.332587,76.926338,10.4,10.2,47.4,0.46,0.34,1.3,9.8
Madhya Pradesh|Panna,Panna,Madhya Pradesh,24.420563,80.191789,12.1,9.8,60.0,0.37,0.17,0.4,10.1
Arunanchal Pradesh|Papum Pare,Papum Pare,Arunanchal Pradesh,27.288791,93.596939,10.5,10.0,46.9,0.57,0.17,0.3,4.2
Maharashtra|Parbhani,Parbhani,Maharashtra,19.285734,76.682764,10.1,10.8,40.3,0.3,0.45,0.7,7.6
Bihar|Pashchim Champaran,Pashchim Champaran,Bihar,27.079249,84.34121,6.8,16.1,58.3,0.57,0.17,1.3,6.5
West Bengal|Pashchim Medinipur,Pashchim Medinipur,West Bengal,22.414271,87.267025,8.8,11.9,47.4,0.6,0.12,0.6,10.6
Jharkhand|Pashchimi Singhbhum,Pashchimi Singhbhum,Jharkhand,22.419703,85.519594,12.7,11.0,54.6,0.58,0.36,1.0,9.3
Gujarat|Patan,Patan,Gujarat,23.769356,71.752429,9.9,11.0,50.8,0.43,0.26,1.2,2.3
Kerala|Pathanamthitta,Pathanamthitta,Kerala,9.284061,76.928967,15.2,8.4,64.9,0.62,0.34,0.0,4.3
Punjab|Patiala,Patiala,Punjab,30.281455,76.353968,9.6,10.1,46.8,0.44,0.14,0.5,5.6
Bihar|Patna,Patna,Bihar,25.456437,85.222159,6.9,16.4,47.8,0.32,0.28,1.2,3.0
Tamil Nadu|Perambalur,Perambalur,Tamil Nadu,11.27334,78.893015,17.5,7.7,57.5,0.55,0.17,1.0,16.6
Nagaland|Peren,Peren,Nagaland,25.49957,93.623522,8.0,10.3,44.1,0.66,0.3,1.5,8.1
Nagaland|Phek,Phek,Nagaland,25.660831,94.525521,8.7,10.6,62.5,0.43,0.25,1.7,7.4
Uttar Pradesh|Pilibhit,Pilibhit,Uttar Pradesh,28.541825,79.961698,7.0,13.3,47.9,0.68,0.27,1.0,9.9
Uttarakhand|Pithoragarh,Pithoragarh,Uttarakhand,30.111977,80.347704,11.1,9.6,53.0,0.33,0.4,0.4,2.1
Gujarat|Porbandar,Porbandar,Gujarat,21.653474,69.778049,12.8,9.5,54.5,0.43,0.43,0.3,10.7
Andhra Pradesh|Prakasam,Prakasam,Andhra Pradesh,15.621337,79.515797,10.4,12.6,55.3,0.56,0.1,0.6,5.5
Rajasthan|Pratapgarh,Pratapgarh,Rajasthan,24.029425,74.68096,12.9,12.4,54.6,0.55,0.32,0.9,2.1
Uttar Pradesh|Pratapgarh,Pratapgarh,Uttar Pradesh,25.872555,81.831443,9.1,14.8,35.9,0.53,0.32,0.7,13.4
Tamil Nadu|Pudukkottai,Pudukkottai,Tamil Nadu,10.358622,78.881243,12.2,8.1,49.6,0.26,0.18,1.6,14.3
Jammu & Kashmir|Pulwama,Pulwama,Jammu & Kashmir,33.932953,75.037277,11.3,9.5,56.1,0.39,0.4,0.7,13.6
Jammu & Kashmir|Punch,Punch,Jammu & Kashmir,33.701782,74.199162,8.8,11.5,62.9,0.56,0.26,0.3,12.9
Maharashtra|Pune,Pune,Maharashtra,18.570885,74.069082,8.9,9.1,43.3,0.42,0.44,0.9,15.8
Bihar|Purba Champaran,Purba Champaran,Bihar,26.61845,84.924678,8.7,15.2,60.0,0.53,0.4,0.7,3.7
West Bengal|Purba Medinipur,Purba Medinipur,West Bengal,22.020759,87.774394,10.9,9.4,47.2,0.6,0.2,0.6,12.6
Jharkhand|Purbi Singhbhum,Purbi Singhbhum,Jharkhand,22.582566,86.45266,8.1,11.5,57.0,0.36,0.16,1.4,2.8
Odisha|Puri,Puri,Odisha,19.876548,85.720894,12.3,10.6,41.5,0.36,0.26,0.8,3.3
Bihar|Purnia,Purnia,Bihar,25.816137,87.407076,8.8,15.1,60.8,0.37,0.11,1.6,11.7
West Bengal|Puruliya,Puruliya,West Bengal,23.27737,86.418326,9.3,11.9,51.8,0.41,0.38,0.4,17.3
Uttar Pradesh|Rae Bareli,Rae Bareli,Uttar Pradesh,26.228795,81.23136,8.1,13.5,60.9,0.62,0.33,0.2,6.1
Karnataka|Raichur,Raichur,Karnataka,16.089474,76.893147,12.4,10.6,49.6,0.56,0.41,0.8,12.6
Chhattisgarh|Raigarh,Raigarh,Chhattisgarh,22.085823,83.306032,8.3,10.5,39.7,0.45,0.38,0.0,4.8
Maharashtra|Raigarh,Raigarh,Maharashtra,18.517195,73.214837,11.0,11.2,37.4,0.29,0.26,0.2,5.0
Chhattisgarh|Raipur,Raipur,Chhattisgarh,21.071287,82.173957,9.6,10.7,37.4,0.63,0.23,1.5,13.2
Madhya Pradesh|Raisen,Raisen,Madhya Pradesh,23.21707,78.118367,12.5,10.2,62.2,0.35,0.2,1.0,11.0
Jammu & Kashmir|Rajouri,Rajouri,Jammu & Kashmir,33.310174,74.398775,10.1,12.7,44.9,0.65,0.18,0.8,15.7
Madhya Pradesh|Rajgarh,Rajgarh,Madhya Pradesh,23.861183,76.734644,11.1,11.2,35.8,0.56,0.19,1.2,12.1
Gujarat|Rajkot,Rajkot,Gujarat,22.262262,70.774833,12.4,12.8,48.0,0.55,0.39,0.7,7.8
Chhattisgarh|Rajnandgaon,Rajnandgaon,Chhattisgarh,21.039406,80.819271,12.5,12.2,37.5,0.58,0.4,0.9,14.0
Rajasthan|Rajsamand,Rajsamand,Rajasthan,25.216325,73.892302,9.8,11.0,63.4,0.57,0.14,1.3,12.6
Karnataka|Ramanagara,Ramanagara,Karnataka,12.678547,77.336499,9.5,11.1,47.9,0.28,0.28,0.7,14.0
Tamil Nadu|Ramanathapuram,Ramanathapuram,Tamil Nadu,9.440134,78.673284,13.2,8.6,53.1,0.26,0.44,1.1,14.5
Jammu & Kashmir|Ramban,Ramban,Jammu & Kashmir,33.323005,75.186098,8.2,9.9,60.5,0.34,0.39,1.1,16.1
Jharkhand|Ramgarh,Ramgarh,Jharkhand,23.630726,85.560568,8.8,12.5,60.8,0.39,0.3,0.9,10.0
Uttar Pradesh|Rampur,Rampur,Uttar Pradesh,28.795481,79.105475,7.0,15.1,59.6,0.32,0.27,0.4,3.0
Jharkhand|Ranchi,Ranchi,Jharkhand,23.331312,85.370764,10.1,12.7,55.7,0.35,0.2,1.5,11.9
Andhra Pradesh|Rangareddy,Rangareddy,Andhra Pradesh,17.29039,78.184136,12.5,12.6,56.7,0.32,0.14,0.1,17.8
Madhya Pradesh|Ratlam,Ratlam,Madhya Pradesh,23.501002,75.090087,9.4,11.2,52.0,0.5,0.25,1.2,5.7
Maharashtra|Ratnagiri,Ratnagiri,Maharashtra,17.273728,73.456833,9.4,12.3,57.2,0.46,0.43,0.4,10.3
Odisha|Rayagada,Rayagada,Odisha,19.362278,83.513845,9.9,11.8,54.0,0.52,0.38,0.9,13.9
Jammu & Kashmir|Reasi,Reasi,Jammu & Kashmir,33.20741,74.822304,8.3,9.9,55.0,0.63,0.39,1.6,6.5
Madhya Pradesh|Rewa,Rewa,Madhya Pradesh,24.755159,81.589623,12.6,11.4,48.2,0.47,0.16,1.4,10.3
Haryana|Rewari,Rewari,Haryana,28.235759,76.543344,9.8,12.1,37.0,0.66,0.2,1.7,4.4
Meghalaya|Ri Bhoi,Ri Bhoi,Meghalaya,25.870437,91.891024,8.6,15.8,36.0,0.34,0.38,1.1,6.9
Haryana|Rohtak,Rohtak,Haryana,28.914536,76.52918,12.9,10.3,43.1,0.59,0.18,0.8,8.9
Bihar|Rohtas,Rohtas,Bihar,24.979411,84.027735,9.4,13.2,35.9,0.53,0.36,1.1,6.1
Uttarakhand|Rudraprayag,Rudraprayag,Uttarakhand,30.530302,79.058902,10.8,10.5,61.4,0.68,0.11,1.1,4.6
Punjab|Rupnagar,Rupnagar,Punjab,31.059371,76.486418,12.7,9.1,56.1,0.39,0.45,1.8,11.6
Gujarat|Sabar Kantha,Sabar Kantha,Gujarat,23.659346,73.16369,11.8,11.1,54.7,0.49,0.37,1.4,3.7
Madhya Pradesh|Sagar,Sagar,Madhya Pradesh,23.84803,78.758873,12.6,11.8,51.0,0.63,0.43,0.9,2.4
Uttar Pradesh|Saharanpur,Saharanpur,Uttar Pradesh,29.949577,77.547691,8.8,14.1,50.9,0.56,0.35,0.1,9.1
Bihar|Saharsa,Saharsa,Bihar,25.816587,86.589798,9.4,12.3,37.5,0.29,0.13,0.4,8.3
Jharkhand|Sahibganj,Sahibganj,Jharkhand,25.008064,87.679559,10.7,10.9,58.6,0.58,0.41,0.1,16.8
Punjab|Sahibzada Ajit Singh Nagar,Sahibzada Ajit Singh Nagar,Punjab,30.680913,76.737759,12.0,10.3,61.5,0.39,0.31,1.0,2.3
Mizoram|Saiha,Saiha,Mizoram,22.376698,93.012174,9.9,12.3,48.7,0.44,0.17,1.7,14.0
Tamil Nadu|Salem,Salem,Tamil Nadu,11.674058,78.222146,12.3,8.4,36.2,0.58,0.2,1.1,13.7
Bihar|Samastipur,Samastipur,Bihar,25.776965,85.903654,8.0,15.7,44.4,0.63,0.18,1.0,8.2
Jammu & Kashmir|Samba,Samba,Jammu & Kashmir,32.575231,75.109293,8.7,12.7,53.6,0.45,0.27,1.2,8.6
Odisha|Sambalpur,Sambalpur,Odisha,21.451912,84.280934,12.6,12.4,40.7,0.56,0.2,0.2,10.8
Maharashtra|Sangli,Sangli,Maharashtra,17.112018,74.769901,10.3,12.1,41.3,0.28,0.28,0.1,2.9
Punjab|Sangrur,Sangrur,Punjab,30.212634,75.868872,12.6,9.4,36.6,0.51,0.22,0.3,3.7
Uttar Pradesh|Sant Kabir Nagar,Sant Kabir Nagar,Uttar Pradesh,26.79016,83.034814,7.0,15.2,60.9,0.64,0.17,0.6,16.3
Uttar Pradesh|Sant Ravi Das Nagar(bhadohi),Sant Ravi Das Nagar(bhadohi),Uttar Pradesh,25.348074,82.464226,7.3,14.7,60.5,0.61,0.16,1.6,12.2
Jharkhand|Saraikela-kharsawan,Saraikela-kharsawan,Jharkhand,22.844935,85.95156,11.0,11.3,42.6,0.54,0.2,1.1,6.9
Bihar|Saran (chhapra),Saran (chhapra),Bihar,25.904655,84.825311,6.8,14.9,45.0,0.48,0.37,1.3,11.1
Maharashtra|Satara,Satara,Maharashtra,17.668588,74.173789,12.0,12.5,44.1,0.67,0.39,0.2,6.8
Madhya Pradesh|Satna,Satna,Madhya Pradesh,24.532723,80.833337,10.7,11.7,45.1,0.62,0.25,0.4,10.0
Madhya Pradesh|Sehore,Sehore,Madhya Pradesh,22.991185,77.128585,12.9,11.7,57.0,0.62,0.27,1.4,10.1
Manipur|Senapati,Senapati,Manipur,25.196507,94.04015,8.1,12.2,44.8,0.5,0.28,1.2,5.0
Madhya Pradesh|Seoni,Seoni,Madhya Pradesh,22.31565,79.690237,8.4,9.1,58.4,0.6,0.44,0.6,6.5
Mizoram|Serchhip,Serchhip,Mizoram,23.265956,92.959209,12.6,12.2,55.0,0.66,0.22,1.3,6.6
Madhya Pradesh|Shahdol,Shahdol,Madhya Pradesh,23.629001,81.472768,10.3,9.7,52.4,0.36,0.39,0.6,16.2
Punjab|Shahid Bhagat Singh Nagar,Shahid Bhagat Singh Nagar,Punjab,31.109126,76.155963,9.1,9.6,40.0,0.62,0.21,1.4,14.5
Uttar Pradesh|Shahjahanpur,Shahjahanpur,Uttar Pradesh,27.975739,79.844933,6.7,13.5,51.5,0.5,0.4,0.8,10.2
Madhya Pradesh|Shajapur,Shajapur,Madhya Pradesh,23.579682,76.34568,9.0,9.3,60.9,0.3,0.14,1.7,5.2
Bihar|Sheikhpura,Sheikhpura,Bihar,25.131943,85.828919,6.8,16.4,49.7,0.52,0.43,0.3,5.6
Bihar|Sheohar,Sheohar,Bihar,26.527042,85.28993,7.6,16.1,46.6,0.38,0.19,1.6,10.4
Madhya Pradesh|Sheopur,Sheopur,Madhya Pradesh,25.752466,77.010434,8.3,10.5,42.0,0.59,0.34,1.5,7.6
Himachal Pradesh|Shimla,Shimla,Himachal Pradesh,31.197043,77.632389,10.7,12.2,41.6,0.58,0.45,0.7,7.6
Karnataka|Shimoga,Shimoga,Karnataka,14.043553,75.22065,8.4,11.0,62.4,0.26,0.4,1.1,3.3
Madhya Pradesh|Shivpuri,Shivpuri,Madhya Pradesh,25.362674,77.812508,10.4,9.4,49.6,0.47,0.35,1.5,11.8
Uttar Pradesh|Shrawasti,Shrawasti,Uttar Pradesh,27.654697,81.883967,6.9,14.7,42.8,0.53,0.13,1.6,14.7
Jammu & Kashmir|Shupiyan,Shupiyan,Jammu & Kashmir,33.730668,74.818688,11.1,10.4,41.8,0.28,0.42,1.6,13.8
Assam|Sivasagar,Sivasagar,Assam,27.007254,94.819994,12.6,11.4,62.9,0.25,0.32,1.6,6.2
Uttar Pradesh|Siddharth Nagar,Siddharth Nagar,Uttar Pradesh,27.274054,82.873443,7.8,12.9,64.2,0.42,0.25,0.5,7.3
Madhya Pradesh|Sidhi,Sidhi,Madhya Pradesh,24.219784,81.835283,11.8,12.6,56.4,0.63,0.18,0.6,17.8
Rajasthan|Sikar,Sikar,Rajasthan,27.636597,75.287545,11.6,11.0,47.7,0.42,0.15,0.4,17.8
Jharkhand|Simdega,Simdega,Jharkhand,22.580073,84.566369,10.1,12.2,54.8,0.68,0.18,0.5,16.5
Maharashtra|Sindhudurg,Sindhudurg,Maharashtra,16.134315,73.739876,10.3,11.1,53.8,0.34,0.39,0.7,14.1
Madhya Pradesh|Singrauli,Singrauli,Madhya Pradesh,24.21667,82.420729,11.2,10.6,64.1,0.42,0.19,0.9,7.8
Himachal Pradesh|Sirmaur,Sirmaur,Himachal Pradesh,30.667558,77.430961,12.3,10.3,56.3,0.32,0.23,0.8,16.6
Rajasthan|Sirohi,Sirohi,Rajasthan,24.758906,72.774314,9.1,11.8,44.7,0.61,0.22,1.4,15.9
Haryana|Sirsa,Sirsa,Haryana,29.614793,74.901465,10.5,10.1,59.0,0.39,0.26,0.8,10.0
Bihar|Sitamarhi,Sitamarhi,Bihar,26.576001,85.539693,7.5,14.7,62.5,0.58,0.4,0.5,12.3
Uttar Pradesh|Sitapur,Sitapur,Uttar Pradesh,27.517716,80.85739,8.1,15.1,42.2,0.62,0.33,0.5,17.5
Tamil Nadu|Sivaganga,Sivaganga,Tamil Nadu,9.915088,78.59866,14.1,7.6,35.9,0.45,0.43,1.7,10.4
Bihar|Siwan,Siwan,Bihar,26.160759,84.389549,7.1,13.8,57.0,0.52,0.32,1.8,9.0
Himachal Pradesh|Solan,Solan,Himachal Pradesh,31.042924,76.909542,10.3,13.0,59.5,0.5,0.12,0.6,17.7
Maharashtra|Solapur,Solapur,Maharashtra,17.789756,75.482901,12.6,9.3,43.3,0.35,0.22,1.5,3.6
Odisha|Subarnapur,Subarnapur,Odisha,20.931536,83.824863,9.0,11.4,63.0,0.28,0.34,1.6,4.4
Uttar Pradesh|Sonbhadra,Sonbhadra,Uttar Pradesh,24.402122,83.053516,8.5,16.5,63.9,0.61,0.35,1.5,4.2
Haryana|Sonipat,Sonipat,Haryana,29.06172,76.879495,11.8,10.2,44.0,0.3,0.42,0.6,17.3
Assam|Sonitpur,Sonitpur,Assam,26.782366,92.939251,10.1,12.1,51.4,0.26,0.3,1.8,11.7
NCT of Delhi|South,South,NCT of Delhi,28.501361,77.227386,12.3,11.6,45.3,0.54,0.21,1.0,17.5
Sikkim|South,South,Sikkim,27.286759,88.387874,12.2,12.5,51.7,0.27,0.18,0.3,12.2
West Bengal|South 24 Parganas,South 24 Parganas,West Bengal,22.115958,88.416896,8.5,10.8,44.1,0.3,0.42,0.0,7.7
Meghalaya|South Garo Hills,South Garo Hills,Meghalaya,25.30162,90.585297,11.1,12.5,36.0,0.32,0.21,1.7,4.0
Goa|South Goa,South Goa,Goa,15.196355,74.118436,15.1,12.7,52.6,0.34,0.19,1.3,7.4
Tripura|South Tripura,South Tripura,Tripura,23.368451,91.60955,9.3,12.3,51.7,0.39,0.39,1.4,16.3
NCT of Delhi|South West,South West,NCT of Delhi,28.572377,77.027363,12.6,11.1,42.2,0.26,0.24,0.7,4.5
Andhra Pradesh|Srikakulam,Srikakulam,Andhra Pradesh,18.578563,83.988096,11.9,11.6,39.6,0.43,0.42,0.5,4.0
Jammu & Kashmir|Srinagar,Srinagar,Jammu & Kashmir,34.175779,74.914761,11.6,10.1,55.0,0.51,0.29,1.3,15.9
Uttar Pradesh|Sultanpur,Sultanpur,Uttar Pradesh,26.274927,82.020115,7.3,13.6,53.3,0.45,0.26,0.3,2.6
Odisha|Sundargarh,Sundargarh,Odisha,22.079776,84.510577,8.2,12.7,60.7,0.37,0.23,1.4,7.8
Bihar|Supaul,Supaul,Bihar,26.247697,86.800091,9.0,12.1,52.8,0.48,0.14,0.1,16.4
Gujarat|Surat,Surat,Gujarat,21.265958,73.071999,11.6,10.2,38.0,0.46,0.21,0.8,10.7
Gujarat|Surendranagar,Surendranagar,Gujarat,22.798192,71.540113,12.9,9.9,50.8,0.45,0.19,1.7,6.0
Chhattisgarh|Surguja,Surguja,Chhattisgarh,23.357765,83.219401,9.5,10.7,57.6,0.44,0.24,0.9,7.2
Manipur|Tamenglong,Tamenglong,Manipur,24.947273,93.52726,11.2,10.2,45.6,0.65,0.28,0.6,2.5
Punjab|Tarn Taran,Tarn Taran,Punjab,31.337325,74.844609,8.4,12.6,56.0,0.46,0.18,1.2,2.5
Arunanchal Pradesh|Tawang,Tawang,Arunanchal Pradesh,27.66186,91.953578,8.7,12.6,52.5,0.62,0.19,1.7,15.7
Uttarakhand|Tehri Garhwal,Tehri Garhwal,Uttarakhand,30.43735,78.537018,8.7,9.2,41.3,0.32,0.19,0.9,7.7
Maharashtra|Thane,Thane,Maharashtra,19.599155,73.1509,11.3,10.2,61.7,0.49,0.44,0.2,4.6
Tamil Nadu|Thanjavur,Thanjavur,Tamil Nadu,10.671216,79.241275,15.7,9.5,59.2,0.39,0.19,0.8,14.4
Gujarat|The Dangs,The Dangs,Gujarat,20.804353,73.701288,8.7,12.4,59.9,0.5,0.44,1.4,5.1
Tamil Nadu|The Nilgiris,The Nilgiris,Tamil Nadu,11.455893,76.641877,16.5,9.1,53.5,0.3,0.34,1.6,9.2
Tamil Nadu|Theni,Theni,Tamil Nadu,9.890243,77.439358,12.5,8.7,57.7,0.33,0.43,1.2,2.8
Tamil Nadu|Thiruvallur,Thiruvallur,Tamil Nadu,13.243085,79.939968,15.9,8.5,46.3,0.54,0.38,1.4,3.2
Kerala|Thiruvananthapuram,Thiruvananthapuram,Kerala,8.608458,77.015,18.4,9.2,59.8,0.41,0.19,0.2,15.6
Tamil Nadu|Thiruvarur,Thiruvarur,Tamil Nadu,10.679886,79.535996,18.3,8.4,56.4,0.53,0.31,1.4,14.1
Tamil Nadu|Thoothukkudi,Thoothukkudi,Tamil Nadu,8.890839,78.00443,17.6,7.0,41.2,0.51,0.27,1.6,2.1
Manipur|Thoubal,Thoubal,Manipur,24.530826,93.971612,10.5,12.1,42.8,0.47,0.32,0.4,15.0
Kerala|Thrissur,Thrissur,Kerala,10.471178,76.31615,17.8,8.4,57.6,0.39,0.2,0.5,3.9
Madhya Pradesh|Tikamgarh,Tikamgarh,Madhya Pradesh,24.988304,78.946663,12.7,12.5,57.8,0.4,0.37,1.8,9.4
Assam|Tinsukia,Tinsukia,Assam,27.578576,95.6265,11.5,11.4,64.6,0.4,0.22,1.5,15.6
Arunanchal Pradesh|Tirap,Tirap,Arunanchal Pradesh,26.947124,95.440928,10.0,12.1,45.7,0.48,0.28,1.1,17.6
Tamil Nadu|Tiruchirappalli,Tiruchirappalli,Tamil Nadu,10.888914,78.570439,12.8,8.2,51.3,0.48,0.27,1.6,17.6
Tamil Nadu|Tirunelveli,Tirunelveli,Tamil Nadu,8.798697,77.541954,13.5,7.8,37.4,0.63,0.39,1.5,2.7
Tamil Nadu|Tiruppur,Tiruppur,Tamil Nadu,10.838129,77.405415,13.4,8.0,48.1,0.29,0.41,0.9,6.9
Tamil Nadu|Tiruvannamalai,Tiruvannamalai,Tamil Nadu,12.431083,79.167693,13.7,9.3,51.3,0.56,0.42,1.6,16.2
Rajasthan|Tonk,Tonk,Rajasthan,26.14578,75.671866,9.4,12.2,62.3,0.56,0.3,1.8,2.5
Nagaland|Tuensang,Tuensang,Nagaland,26.200192,94.905752,8.9,11.1,55.2,0.44,0.41,0.8,11.9
Karnataka|Tumkur,Tumkur,Karnataka,13.520228,76.947667,10.9,10.0,40.7,0.51,0.11,1.4,14.8
Rajasthan|Udaipur,Udaipur,Rajasthan,24.407655,73.706403,10.0,9.7,64.0,0.26,0.15,1.3,9.4
Assam|Udalguri,Udalguri,Assam,26.730067,92.037268,8.8,12.0,44.8,0.61,0.34,0.0,7.7
Jammu & Kashmir|Udhampur,Udhampur,Jammu & Kashmir,32.894046,75.327634,10.1,12.2,64.6,0.45,0.36,0.0,4.3
Uttarakhand|Udham Singh Nagar,Udham Singh Nagar,Uttarakhand,29.027456,79.523466,8.6,9.1,51.4,0.34,0.17,1.3,12.8
Karnataka|Udupi,Udupi,Karnataka,13.466689,74.883498,11.9,10.4,38.5,0.4,0.43,1.6,15.4
Madhya Pradesh|Ujjain,Ujjain,Madhya Pradesh,23.331689,75.668392,11.2,9.7,35.9,0.45,0.36,1.4,10.9
Manipur|Ukhrul,Ukhrul,Manipur,25.020252,94.433985,9.9,12.8,36.6,0.33,0.37,0.1,9.6
Madhya Pradesh|Umaria,Umaria,Madhya Pradesh,23.564404,80.971893,9.0,10.7,51.0,0.54,0.26,0.8,13.5
Himachal Pradesh|Una,Una,Himachal Pradesh,31.580659,76.21008,10.1,10.6,60.3,0.59,0.12,1.4,10.7
Uttar Pradesh|Unnao,Unnao,Uttar Pradesh,26.609176,80.55935,7.6,14.1,36.6,0.39,0.36,0.6,10.2
Arunanchal Pradesh|Upper Siang,Upper Siang,Arunanchal Pradesh,28.833555,94.918055,11.5,10.7,37.7,0.42,0.4,1.3,10.1
Arunanchal Pradesh|Upper Subansiri,Upper Subansiri,Arunanchal Pradesh,28.289952,93.936737,10.9,9.5,38.7,0.42,0.15,0.1,17.9
West Bengal|Uttar Dinajpur,Uttar Dinajpur,West Bengal,25.88098,88.158248,8.4,11.6,62.3,0.57,0.25,1.7,15.1
Karnataka|Uttara Kannada,Uttara Kannada,Karnataka,14.79409,74.622917,10.0,10.2,38.2,0.66,0.28,1.1,10.0
Uttarakhand|Uttarkashi,Uttarkashi,Uttarakhand,30.973055,78.603884,8.0,12.2,51.0,0.67,0.12,1.7,14.9
Gujarat|Vadodara,Vadodara,Gujarat,22.233152,73.532182,12.5,12.4,47.0,0.58,0.3,0.3,18.0
Bihar|Vaishali,Vaishali,Bihar,25.761992,85.369957,8.0,13.4,50.6,0.38,0.33,0.5,10.0
Gujarat|Valsad,Valsad,Gujarat,20.418519,73.114709,8.4,11.2,39.8,0.39,0.14,0.8,2.2
Uttar Pradesh|Varanasi,Varanasi,Uttar Pradesh,25.38805,82.917583,8.3,12.5,54.1,0.55,0.17,0.3,3.3
Tamil Nadu|Vellore,Vellore,Tamil Nadu,12.812269,79.010374,14.6,8.1,61.7,0.29,0.39,1.6,6.7
Madhya Pradesh|Vidisha,Vidisha,Madhya Pradesh,23.892709,77.81336,9.7,12.9,47.3,0.61,0.34,0.9,8.6
Tamil Nadu|Viluppuram,Viluppuram,Tamil Nadu,11.973,79.295629,16.2,8.2,50.7,0.53,0.37,1.5,3.8
Tamil Nadu|Virudunagar,Virudunagar,Tamil Nadu,9.483973,77.94309,16.6,9.0,61.0,0.49,0.33,0.8,11.9
Andhra Pradesh|Visakhapatnam,Visakhapatnam,Andhra Pradesh,17.890899,82.692473,9.1,9.4,37.4,0.4,0.17,0.6,3.2
Andhra Pradesh|Vizianagaram,Vizianagaram,Andhra Pradesh,18.46738,83.379276,10.8,10.7,39.0,0.63,0.26,0.7,2.9
Andhra Pradesh|Warangal,Warangal,Andhra Pradesh,17.955165,79.799226,12.0,10.0,46.4,0.29,0.34,1.6,7.7
Maharashtra|Wardha,Wardha,Maharashtra,20.795772,78.587639,9.6,12.9,62.1,0.54,0.25,0.2,5.3
Maharashtra|Washim,Washim,Maharashtra,20.23756,77.219042,11.4,12.2,53.7,0.59,0.27,1.6,7.4
Kerala|Wayanad,Wayanad,Kerala,11.711246,76.098133,16.1,7.6,49.7,0.4,0.37,0.6,15.8
NCT of Delhi|West,West,NCT of Delhi,28.655321,77.0657,9.5,11.6,44.0,0.45,0.15,1.7,5.6
Sikkim|West,West,Sikkim,27.349122,88.177943,10.9,10.9,37.7,0.56,0.17,0.2,4.2
Meghalaya|West Garo Hills,West Garo Hills,Meghalaya,25.58505,90.144814,10.3,14.3,49.8,0.6,0.3,0.4,10.5
Andhra Pradesh|West Godavari,West Godavari,Andhra Pradesh,16.89462,81.402263,8.8,9.6,63.3,0.3,0.21,0.4,2.8
Arunanchal Pradesh|West Kameng,West Kameng,Arunanchal Pradesh,27.302869,92.410975,12.6,12.9,50.3,0.45,0.26,1.8,6.7
Meghalaya|West Khasi Hills,West Khasi Hills,Meghalaya,25.526494,91.260782,8.5,14.4,47.8,0.62,0.44,1.4,15.8
Madhya Pradesh|West Nimar,West Nimar,Madhya Pradesh,21.920479,75.774508,9.5,9.2,64.4,0.66,0.13,0.8,14.3
Arunanchal Pradesh|West Siang,West Siang,Arunanchal Pradesh,28.32087,94.511613,11.8,12.2,38.2,0.26,0.11,1.5,3.8
Tripura|West Tripura,West Tripura,Tripura,23.802233,91.464871,9.6,11.1,38.6,0.52,0.15,0.6,7.2
Nagaland|Wokha,Wokha,Nagaland,26.184872,94.192629,10.5,10.9,41.0,0.31,0.3,0.8,7.1
Karnataka|Yadgir,Yadgir,Karnataka,16.626412,76.913636,8.1,12.2,62.9,0.31,0.42,0.6,6.5
Maharashtra|Yavatmal,Yavatmal,Maharashtra,20.083941,78.162227,11.2,10.2,51.5,0.56,0.24,0.1,7.1
Nagaland|Zunheboto,Zunheboto,Nagaland,26.031634,94.525282,12.2,10.7,51.3,0.42,0.24,0.2,12.6
Chhattisgarh|Kabeerdham,Kabeerdham,Chhattisgarh,22.091031,81.223075,10.5,12.7,58.8,0.43,0.34,0.1,14.6
Haryana|Yamunanagar,Yamunanagar,Haryana,30.236438,77.304982,12.7,9.9,56.7,0.29,0.21,0.5,9.9
Haryana|Jind,Jind,Haryana,29.435381,76.300931,11.6,9.9,62.3,0.67,0.1,0.1,4.6
Rajasthan|Dausa,Dausa,Rajasthan,26.856096,76.513947,11.3,12.4,45.1,0.55,0.28,1.7,16.5
Rajasthan|Karauli,Karauli,Rajasthan,26.520679,76.963851,12.6,9.7,53.2,0.38,0.22,1.6,3.1
Rajasthan|Sawai Madhopur,Sawai Madhopur,Rajasthan,26.216853,76.467921,9.0,9.4,36.2,0.54,0.36,0.2,10.2
Bihar|Arwal,Arwal,Bihar,25.16158,84.690404,9.2,13.5,48.4,0.41,0.33,1.0,3.7
Bihar|Jehanabad,Jehanabad,Bihar,25.15657,85.030135,6.8,14.5,56.4,0.56,0.18,1.1,12.6
Tamil Nadu|Nagappattinam,Nagappattinam,Tamil Nadu,10.849429,79.7389,18.2,7.2,38.9,0.36,0.24,1.3,17.7
Puducherry|Karaikal,Karaikal,Puducherry,10.934378,79.802063,8.5,12.9,47.8,0.58,0.41,0.3,10.2
Puducherry|Puducherry,Puducherry,Puducherry,11.911458,79.734214,9.7,12.9,47.8,0.36,0.14,1.6,6.4
Puducherry|Yanam,Yanam,Puducherry,16.726649,82.25456,9.4,9.4,40.6,0.29,0.43,1.4,2.2
Gujarat|Tapi,Tapi,Gujarat,21.191573,73.631189,11.1,10.6,35.0,0.43,0.12,1.5,7.4
Andaman & Nicobar Island|Nicobar,Nicobar,Andaman & Nicobar Island,7.516872,93.602851,11.0,11.1,58.1,0.29,0.4,0.6,13.3
Andaman & Nicobar Island|South Andaman,South Andaman,Andaman & Nicobar Island,11.519264,92.64896,11.5,9.8,35.7,0.6,0.22,0.5,2.1
Andaman & Nicobar Island|North & Middle Andaman,North & Middle Andaman,Andaman & Nicobar Island,12.837902,92.867521,9.3,12.9,52.3,0.37,0.43,0.6,16.7
Lakshadweep|Lakshadweep,Lakshadweep,Lakshadweep,11.091062,72.735057,9.8,10.0,55.4,0.32,0.37,0.3,15.7
AHMEDABAD_WARDS|48 RAMOL HATHIJAN,48 RAMOL HATHIJAN,Municipal Wards,23.0225,72.5714,10.3,9.8,26.1,0.2,0.55,4.7,35.5
AHMEDABAD_WARDS|47 VATVA,47 VATVA,Municipal Wards,23.0225,72.5714,9.7,9.6,30.2,0.13,0.77,4.7,45.1
AHMEDABAD_WARDS|46 LAMBHA,46 LAMBHA,Municipal Wards,23.0225,72.5714,12.6,11.2,27.1,0.25,0.61,4.5,15.7
AHMEDABAD_WARDS|45 ISANPUR,45 ISANPUR,Municipal Wards,23.0225,72.5714,12.3,9.1,23.8,0.25,0.52,3.2,9.3
AHMEDABAD_WARDS|44 KHOKHRA,44 KHOKHRA,Municipal Wards,23.0225,72.5714,11.9,12.1,35.2,0.08,0.52,2.3,38.1
AHMEDABAD_WARDS|43 BHAIPURA HATKESHWAR,43 BHAIPURA HATKESHWAR,Municipal Wards,23.0225,72.5714,11.4,9.1,28.2,0.17,0.71,2.3,32.5
AHMEDABAD_WARDS|42 INDRAPURI,42 INDRAPURI,Municipal Wards,23.0225,72.5714,11.1,10.1,22.1,0.16,0.72,4.4,34.9
AHMEDABAD_WARDS|41 VASTRAL,41 VASTRAL,Municipal Wards,23.0225,72.5714,9.6,12.7,28.4,0.15,0.73,3.0,41.1
AHMEDABAD_WARDS|40 ODHAV,40 ODHAV,Municipal Wards,23.0225,72.5714,11.7,11.0,26.7,0.21,0.82,3.3,43.6
AHMEDABAD_WARDS|39 AMRAIWADI,39 AMRAIWADI,Municipal Wards,23.0225,72.5714,12.1,9.9,29.3,0.07,0.59,4.3,15.9
AHMEDABAD_WARDS|38 GOMTIPUR,38 GOMTIPUR,Municipal Wards,23.0225,72.5714,10.6,10.6,38.0,0.27,0.71,2.1,32.1
AHMEDABAD_WARDS|37 MANINAGAR,37 MANINAGAR,Municipal Wards,23.0225,72.5714,8.1,9.7,41.3,0.06,0.74,4.6,42.6
AHMEDABAD_WARDS|36 DANILIMDA,36 DANILIMDA,Municipal Wards,23.0225,72.5714,8.9,10.7,33.6,0.22,0.67,3.4,45.8
AHMEDABAD_WARDS|35 BAHERAMPURA,35 BAHERAMPURA,Municipal Wards,23.0225,72.5714,8.9,10.1,24.0,0.12,0.78,4.8,28.7
AHMEDABAD_WARDS|34 MAKTAMPURA,34 MAKTAMPURA,Municipal Wards,23.0225,72.5714,12.9,12.5,23.0,0.07,0.49,4.0,8.1
AHMEDABAD_WARDS|33 SARKHEJ,33 SARKHEJ,Municipal Wards,23.0225,72.5714,9.4,9.0,26.6,0.2,0.81,4.4,9.5
AHMEDABAD_WARDS|32 VEJALPUR,32 VEJALPUR,Municipal Wards,23.0225,72.5714,11.5,9.9,19.3,0.27,0.74,1.8,28.3
AHMEDABAD_WARDS|31 VASNA,31 VASNA,Municipal Wards,23.0225,72.5714,11.9,11.0,23.6,0.08,0.61,2.9,24.4
AHMEDABAD_WARDS|30 PALDI,30 PALDI,Municipal Wards,23.0225,72.5714,12.6,10.3,18.6,0.24,0.76,2.6,24.0
AHMEDABAD_WARDS|29 JAMALPUR,29 JAMALPUR,Municipal Wards,23.0225,72.5714,9.4,9.5,19.8,0.14,0.76,4.3,10.2
AHMEDABAD_WARDS|28 KHADIA,28 KHADIA,Municipal Wards,23.0225,72.5714,8.8,10.6,31.6,0.16,0.77,3.4,35.2
AHMEDABAD_WARDS|27 SARASPUR-RAKHIYAL,27 SARASPUR-RAKHIYAL,Municipal Wards,23.0225,72.5714,12.6,9.6,25.0,0.24,0.79,4.4,12.7
AHMEDABAD_WARDS|26 BAPUNAGAR,26 BAPUNAGAR,Municipal Wards,23.0225,72.5714,9.6,12.5,40.7,0.08,0.55,2.4,23.5
AHMEDABAD_WARDS|25 VIRATNAGAR,25 VIRATNAGAR,Municipal Wards,23.0225,72.5714,10.5,12.9,24.7,0.2,0.74,1.9,22.4
AHMEDABAD_WARDS|24 NIKOL,24 NIKOL,Municipal Wards,23.0225,72.5714,11.8,9.1,35.2,0.2,0.62,3.4,11.9
AHMEDABAD_WARDS|23 THAKKARBAPANAGAR,23 THAKKARBAPANAGAR,Municipal Wards,23.0225,72.5714,11.3,11.5,35.5,0.11,0.82,2.3,34.2
AHMEDABAD_WARDS|22 INDIA COLONY,22 INDIA COLONY,Municipal Wards,23.0225,72.5714,8.2,11.5,37.5,0.1,0.63,2.1,32.1
AHMEDABAD_WARDS|21 DARIYAPUR,21 DARIYAPUR,Municipal Wards,23.0225,72.5714,11.1,10.3,22.6,0.19,0.54,4.3,40.4
AHMEDABAD_WARDS|20 JODHPUR,20 JODHPUR,Municipal Wards,23.0225,72.5714,10.9,10.9,30.5,0.27,0.56,4.3,18.5
AHMEDABAD_WARDS|19 BODAKDEV,19 BODAKDEV,Municipal Wards,23.0225,72.5714,12.0,10.0,23.6,0.07,0.52,2.2,33.6
AHMEDABAD_WARDS|18 NAVRANGPURA,18 NAVRANGPURA,Municipal Wards,23.0225,72.5714,11.0,10.4,34.4,0.27,0.55,3.3,39.5
AHMEDABAD_WARDS|17 SHAHPUR,17 SHAHPUR,Municipal Wards,23.0225,72.5714,10.6,11.8,40.2,0.18,0.66,3.4,35.5
AHMEDABAD_WARDS|16 SHAHIBAG,16 SHAHIBAG,Municipal Wards,23.0225,72.5714,8.6,12.3,24.5,0.16,0.64,4.7,36.2
AHMEDABAD_WARDS|15 ASARWA,15 ASARWA,Municipal Wards,23.0225,72.5714,10.5,11.4,33.6,0.19,0.59,1.8,17.0
AHMEDABAD_WARDS|14 KUBERNAGR,14 KUBERNAGR,Municipal Wards,23.0225,72.5714,12.0,12.8,41.1,0.19,0.77,2.1,17.2
AHMEDABAD_WARDS|13 SAIJPUR BOGHA,13 SAIJPUR BOGHA,Municipal Wards,23.0225,72.5714,9.9,12.0,22.6,0.19,0.67,1.9,9.8
AHMEDABAD_WARDS|12 NARODA,12 NARODA,Municipal Wards,23.0225,72.5714,12.3,9.2,32.7,0.13,0.6,3.0,37.7
AHMEDABAD_WARDS|11 SARDARNAGAR,11 SARDARNAGAR,Municipal Wards,23.0225,72.5714,12.5,9.5,22.3,0.14,0.57,4.7,40.8
AHMEDABAD_WARDS|10 S.P.STADIUM,10 S.P.STADIUM,Municipal Wards,23.0225,72.5714,10.8,11.9,27.7,0.13,0.75,3.5,9.1
AHMEDABAD_WARDS|09 NARANPURA,09 NARANPURA,Municipal Wards,23.0225,72.5714,8.2,9.9,27.0,0.17,0.54,4.6,27.1
AHMEDABAD_WARDS|08 THALTEJ,08 THALTEJ,Municipal Wards,23.0225,72.5714,9.9,11.2,24.2,0.13,0.78,4.4,26.0
AHMEDABAD_WARDS|07 GHATLODIA,07 GHATLODIA,Municipal Wards,23.0225,72.5714,12.7,9.2,32.1,0.23,0.69,2.4,32.1
AHMEDABAD_WARDS|06 NEW WADAJ,06 NEW WADAJ,Municipal Wards,23.0225,72.5714,11.6,11.7,21.1,0.16,0.66,3.8,19.2
AHMEDABAD_WARDS|05 RANIP,05 RANIP,Municipal Wards,23.0225,72.5714,8.2,9.5,39.8,0.12,0.62,4.4,34.6
AHMEDABAD_WARDS|04 SABARMATI,04 SABARMATI,Municipal Wards,23.0225,72.5714,9.7,12.7,29.4,0.18,0.47,4.5,18.5
AHMEDABAD_WARDS|03 CHANDKHEDA,03 CHANDKHEDA,Municipal Wards,23.0225,72.5714,9.7,11.9,39.7,0.11,0.81,2.2,27.0
AHMEDABAD_WARDS|02 CHANDLODIA,02 CHANDLODIA,Municipal Wards,23.0225,72.5714,8.7,12.4,38.6,0.26,0.59,4.4,9.7
AHMEDABAD_WARDS|01 GOTA,01 GOTA,Municipal Wards,23.0225,72.5714,8.3,11.0,23.7,0.24,0.51,4.6,17.5
BANGALORE_WARDS|Kempegowda Ward,Kempegowda Ward,Municipal Wards,12.9716,77.5946,8.2,11.5,35.5,0.21,0.73,2.3,38.0
BANGALORE_WARDS|Chowdeswari Ward,Chowdeswari Ward,Municipal Wards,12.9716,77.5946,11.3,9.3,22.6,0.19,0.77,3.6,16.5
BANGALORE_WARDS|Someshwara Ward,Someshwara Ward,Municipal Wards,12.9716,77.5946,11.9,12.6,22.7,0.09,0.45,3.6,24.1
BANGALORE_WARDS|Atturu Layout,Atturu Layout,Municipal Wards,12.9716,77.5946,11.2,10.2,32.2,0.25,0.58,4.7,36.2
BANGALORE_WARDS|Yelahanka Satellite Town,Yelahanka Satellite Town,Municipal Wards,12.9716,77.5946,11.8,10.1,35.1,0.24,0.66,3.1,40.2
BANGALORE_WARDS|Shettihalli,Shettihalli,Municipal Wards,12.9716,77.5946,9.0,11.4,34.7,0.11,0.76,3.6,33.9
BANGALORE_WARDS|Mallasandra,Mallasandra,Municipal Wards,12.9716,77.5946,12.1,11.9,25.7,0.09,0.47,2.7,24.3
BANGALORE_WARDS|Mattikere,Mattikere,Municipal Wards,12.9716,77.5946,9.5,10.0,20.6,0.18,0.53,3.2,19.6
BANGALORE_WARDS|Aramane Nagara,Aramane Nagara,Municipal Wards,12.9716,77.5946,12.3,12.5,29.2,0.21,0.73,2.9,26.5
BANGALORE_WARDS|Malleswaram,Malleswaram,Municipal Wards,12.9716,77.5946,8.9,11.1,38.5,0.08,0.72,3.3,47.0
BANGALORE_WARDS|Chanakya,Chanakya,Municipal Wards,12.9716,77.5946,8.7,11.2,29.2,0.2,0.51,4.2,31.8
BANGALORE_WARDS|Peenya,Peenya,Municipal Wards,12.9716,77.5946,12.1,10.1,24.2,0.27,0.65,2.8,31.6
BANGALORE_WARDS|Nelagadderanahalli,Nelagadderanahalli,Municipal Wards,12.9716,77.5946,12.7,9.3,23.6,0.18,0.64,3.2,8.4
BANGALORE_WARDS|Nandini Layout,Nandini Layout,Municipal Wards,12.9716,77.5946,8.7,11.5,19.0,0.1,0.81,3.5,41.6
BANGALORE_WARDS|Marappana Palya,Marappana Palya,Municipal Wards,12.9716,77.5946,9.1,12.5,40.2,0.17,0.79,2.3,39.9
BANGALORE_WARDS|Subramanya Nagar,Subramanya Nagar,Municipal Wards,12.9716,77.5946,11.7,12.6,21.2,0.26,0.74,4.3,19.7
BANGALORE_WARDS|Kadu Malleshwara,Kadu Malleshwara,Municipal Wards,12.9716,77.5946,9.1,10.0,25.5,0.06,0.79,4.2,29.4
BANGALORE_WARDS|Rajamahal Guttahalli,Rajamahal Guttahalli,Municipal Wards,12.9716,77.5946,9.9,12.5,23.9,0.19,0.49,3.0,27.6
BANGALORE_WARDS|New Bayappanahalli,New Bayappanahalli,Municipal Wards,12.9716,77.5946,8.4,11.3,30.1,0.06,0.63,2.8,27.5
BANGALORE_WARDS|Dattatreya Temple,Dattatreya Temple,Municipal Wards,12.9716,77.5946,11.1,10.7,41.8,0.2,0.54,2.8,35.1
BANGALORE_WARDS|Subhash Nagar,Subhash Nagar,Municipal Wards,12.9716,77.5946,8.2,12.5,32.9,0.1,0.49,4.7,16.1
BANGALORE_WARDS|Gayithri Nagar,Gayithri Nagar,Municipal Wards,12.9716,77.5946,12.2,11.7,21.7,0.15,0.56,3.2,17.6
BANGALORE_WARDS|Hegganahalli,Hegganahalli,Municipal Wards,12.9716,77.5946,8.9,11.2,18.4,0.15,0.72,3.6,35.7
BANGALORE_WARDS|Sunkadakatte,Sunkadakatte,Municipal Wards,12.9716,77.5946,9.5,9.5,28.8,0.25,0.62,2.0,27.8
BANGALORE_WARDS|Vijayanagara Krishnadevaraya,Vijayanagara Krishnadevaraya,Municipal Wards,12.9716,77.5946,9.1,10.9,25.3,0.19,0.65,3.5,34.2
BANGALORE_WARDS|Shankar Matt,Shankar Matt,Municipal Wards,12.9716,77.5946,10.5,12.7,28.7,0.13,0.58,3.2,40.2
BANGALORE_WARDS|Shakthi Ganapathi Nagar,Shakthi Ganapathi Nagar,Municipal Wards,12.9716,77.5946,12.8,12.3,21.3,0.11,0.5,2.7,18.1
BANGALORE_WARDS|Vrisabhavathi Nagar,Vrisabhavathi Nagar,Municipal Wards,12.9716,77.5946,11.6,11.3,24.9,0.11,0.71,4.8,8.6
BANGALORE_WARDS|Kamakshipalya,Kamakshipalya,Municipal Wards,12.9716,77.5946,12.4,11.5,27.2,0.24,0.49,2.4,19.9
BANGALORE_WARDS|Basaveshwara Nagar,Basaveshwara Nagar,Municipal Wards,12.9716,77.5946,12.5,12.5,34.3,0.23,0.63,2.9,32.4
BANGALORE_WARDS|Shivanagara,Shivanagara,Municipal Wards,12.9716,77.5946,11.6,9.6,29.2,0.26,0.59,4.6,37.5
BANGALORE_WARDS|Rajaji Nagar,Rajaji Nagar,Municipal Wards,12.9716,77.5946,12.0,10.6,29.4,0.2,0.66,1.9,43.7
BANGALORE_WARDS|Sriramamandir,Sriramamandir,Municipal Wards,12.9716,77.5946,8.5,9.1,37.8,0.14,0.72,2.0,38.5
BANGALORE_WARDS|Prakash Nagar,Prakash Nagar,Municipal Wards,12.9716,77.5946,12.9,10.3,31.0,0.13,0.53,2.9,36.5
BANGALORE_WARDS|Dayananda Nagar,Dayananda Nagar,Municipal Wards,12.9716,77.5946,10.1,10.7,33.1,0.16,0.57,4.0,31.6
BANGALORE_WARDS|Okalipuram,Okalipuram,Municipal Wards,12.9716,77.5946,8.1,10.8,41.1,0.18,0.46,4.3,8.2
BANGALORE_WARDS|Gandhinagar,Gandhinagar,Municipal Wards,12.9716,77.5946,9.9,9.0,18.8,0.21,0.64,4.0,14.0
BANGALORE_WARDS|Bharathi Nagar,Bharathi Nagar,Municipal Wards,12.9716,77.5946,11.9,10.8,34.8,0.21,0.54,4.1,22.0
BANGALORE_WARDS|Ulsoor,Ulsoor,Municipal Wards,12.9716,77.5946,11.8,11.4,33.2,0.22,0.64,4.2,22.3
BANGALORE_WARDS|Hoysala Nagar,Hoysala Nagar,Municipal Wards,12.9716,77.5946,10.8,9.2,29.6,0.19,0.49,2.7,45.7
BANGALORE_WARDS|Konena Agrahara,Konena Agrahara,Municipal Wards,12.9716,77.5946,11.2,10.4,34.6,0.15,0.64,2.8,33.0
BANGALORE_WARDS|Chickpete,Chickpete,Municipal Wards,12.9716,77.5946,11.5,10.8,39.5,0.1,0.78,2.5,15.0
BANGALORE_WARDS|Cottonpete,Cottonpete,Municipal Wards,12.9716,77.5946,12.3,9.3,20.1,0.15,0.47,4.0,46.2
BANGALORE_WARDS|Binnipete,Binnipete,Municipal Wards,12.9716,77.5946,10.9,12.6,38.1,0.15,0.6,3.1,30.2
BANGALORE_WARDS|Kengeri,Kengeri,Municipal Wards,12.9716,77.5946,10.8,11.2,20.3,0.09,0.61,3.9,15.2
BANGALORE_WARDS|Basavanagudi,Basavanagudi,Municipal Wards,12.9716,77.5946,11.7,12.9,40.9,0.13,0.76,2.5,12.9
BANGALORE_WARDS|Srinivasa Nagar,Srinivasa Nagar,Municipal Wards,12.9716,77.5946,8.5,12.4,28.7,0.16,0.48,2.9,23.3
BANGALORE_WARDS|Srinagar,Srinagar,Municipal Wards,12.9716,77.5946,11.7,10.9,22.4,0.11,0.64,4.1,43.1
BANGALORE_WARDS|Girinagar,Girinagar,Municipal Wards,12.9716,77.5946,9.0,12.8,33.3,0.25,0.56,3.2,31.2
BANGALORE_WARDS|Bande Mutt,Bande Mutt,Municipal Wards,12.9716,77.5946,11.8,10.6,34.0,0.14,0.47,3.6,41.3
BANGALORE_WARDS|Kudlu,Kudlu,Municipal Wards,12.9716,77.5946,11.5,9.5,19.4,0.22,0.65,2.9,22.7
BANGALORE_WARDS|Hudi,Hudi,Municipal Wards,12.9716,77.5946,12.4,11.0,34.4,0.25,0.64,4.7,15.8
BANGALORE_WARDS|Bellanduru,Bellanduru,Municipal Wards,12.9716,77.5946,10.6,12.6,23.6,0.1,0.62,2.9,30.1
BANGALORE_WARDS|Marathahalli,Marathahalli,Municipal Wards,12.9716,77.5946,8.4,11.9,38.8,0.15,0.48,2.8,43.3
BANGALORE_WARDS|Garudachar Playa,Garudachar Playa,Municipal Wards,12.9716,77.5946,11.0,9.4,35.5,0.19,0.75,4.3,32.8
BANGALORE_WARDS|New Thippasandra,New Thippasandra,Municipal Wards,12.9716,77.5946,11.0,10.3,27.4,0.12,0.75,2.9,32.1
BANGALORE_WARDS|Jalakanteshwara Nagara,Jalakanteshwara Nagara,Municipal Wards,12.9716,77.5946,8.8,10.4,21.2,0.2,0.73,3.3,42.5
BANGALORE_WARDS|Nagapura,Nagapura,Municipal Wards,12.9716,77.5946,11.1,9.7,23.9,0.22,0.62,2.4,29.9
BANGALORE_WARDS|Jai Maruthinagara,Jai Maruthinagara,Municipal Wards,12.9716,77.5946,10.6,10.2,41.3,0.23,0.74,1.9,10.1
BANGALORE_WARDS|Puneet Rajkumar,Puneet Rajkumar,Municipal Wards,12.9716,77.5946,12.1,9.1,32.3,0.24,0.48,2.4,40.9
BANGALORE_WARDS|Sampangiram Nagar,Sampangiram Nagar,Municipal Wards,12.9716,77.5946,9.2,10.0,22.6,0.26,0.77,3.3,29.2
BANGALORE_WARDS|Old Thippasandra,Old Thippasandra,Municipal Wards,12.9716,77.5946,12.6,12.6,18.1,0.19,0.51,1.8,40.4
BANGALORE_WARDS|Jeevanbhima Nagar,Jeevanbhima Nagar,Municipal Wards,12.9716,77.5946,11.2,12.5,31.3,0.17,0.65,3.6,38.7
BANGALORE_WARDS|Veeramadakari,Veeramadakari,Municipal Wards,12.9716,77.5946,12.1,9.7,25.6,0.1,0.67,2.1,35.9
BANGALORE_WARDS|HAL Airport,HAL Airport,Municipal Wards,12.9716,77.5946,10.5,9.4,25.3,0.09,0.53,3.7,30.1
BANGALORE_WARDS|Lakshmi Devi Nagar,Lakshmi Devi Nagar,Municipal Wards,12.9716,77.5946,9.1,12.4,36.5,0.27,0.5,2.1,10.2
BANGALORE_WARDS|Doddagollarahatti,Doddagollarahatti,Municipal Wards,12.9716,77.5946,10.4,9.5,30.8,0.26,0.62,2.3,38.6
BANGALORE_WARDS|Ullal,Ullal,Municipal Wards,12.9716,77.5946,12.0,11.9,40.8,0.25,0.54,1.8,9.0
BANGALORE_WARDS|T Dasarahalli,T Dasarahalli,Municipal Wards,12.9716,77.5946,11.3,11.0,33.6,0.08,0.8,4.6,47.8
BANGALORE_WARDS|Chokkasandra,Chokkasandra,Municipal Wards,12.9716,77.5946,10.6,11.7,39.8,0.24,0.67,4.0,23.5
BANGALORE_WARDS|Rajagopal Nagar,Rajagopal Nagar,Municipal Wards,12.9716,77.5946,9.8,12.6,31.2,0.23,0.78,2.0,37.5
BANGALORE_WARDS|Rajeshwari Nagar,Rajeshwari Nagar,Municipal Wards,12.9716,77.5946,10.5,10.9,20.3,0.19,0.68,2.7,45.8
BANGALORE_WARDS|Ranadheera Kanteerava,Ranadheera Kanteerava,Municipal Wards,12.9716,77.5946,11.9,12.5,32.9,0.17,0.63,4.1,23.4
BANGALORE_WARDS|Veera Sindhura Lakshamana,Veera Sindhura Lakshamana,Municipal Wards,12.9716,77.5946,9.1,10.4,29.0,0.24,0.74,3.5,27.6
BANGALORE_WARDS|Sir M. Vishweshwaraiah,Sir M. Vishweshwaraiah,Municipal Wards,12.9716,77.5946,11.0,12.4,20.6,0.16,0.68,3.8,11.1
BANGALORE_WARDS|Nalvadi Krishnaraja Wadior Park,Nalvadi Krishnaraja Wadior Park,Municipal Wards,12.9716,77.5946,10.0,10.1,20.2,0.28,0.57,4.8,36.7
BANGALORE_WARDS|Chatrapati Shivaji,Chatrapati Shivaji,Municipal Wards,12.9716,77.5946,8.5,12.4,24.5,0.1,0.54,3.7,15.5
BANGALORE_WARDS|Jnana Bharathi,Jnana Bharathi,Municipal Wards,12.9716,77.5946,8.7,10.6,37.8,0.13,0.51,4.1,8.8
BANGALORE_WARDS|Rajarajeshwari Nagar,Rajarajeshwari Nagar,Municipal Wards,12.9716,77.5946,9.4,10.9,36.8,0.17,0.72,4.4,41.5
BANGALORE_WARDS|C V Raman Nagar,C V Raman Nagar,Municipal Wards,12.9716,77.5946,12.0,10.5,26.3,0.09,0.57,3.1,11.6
BANGALORE_WARDS|Lal Bahadur Nagar,Lal Bahadur Nagar,Municipal Wards,12.9716,77.5946,8.3,10.9,40.4,0.15,0.7,3.7,32.6
BANGALORE_WARDS|Hanumanth Nagar,Hanumanth Nagar,Municipal Wards,12.9716,77.5946,9.2,9.8,40.4,0.21,0.56,3.2,33.7
BANGALORE_WARDS|Mahalakshimpuram,Mahalakshimpuram,Municipal Wards,12.9716,77.5946,10.7,11.4,40.5,0.25,0.53,3.3,17.3
BANGALORE_WARDS|Vidyapeeta ward,Vidyapeeta ward,Municipal Wards,12.9716,77.5946,11.7,9.2,24.3,0.2,0.48,4.3,36.3
BANGALORE_WARDS|Katriguppe,Katriguppe,Municipal Wards,12.9716,77.5946,12.2,12.0,22.2,0.19,0.75,2.7,29.0
BANGALORE_WARDS|Anjanapura,Anjanapura,Municipal Wards,12.9716,77.5946,10.5,11.0,19.5,0.14,0.72,4.3,38.3
BANGALORE_WARDS|Shantala Nagar,Shantala Nagar,Municipal Wards,12.9716,77.5946,8.1,12.1,34.3,0.11,0.65,2.3,25.4
BANGALORE_WARDS|Yediyur,Yediyur,Municipal Wards,12.9716,77.5946,8.2,9.0,22.3,0.15,0.46,2.9,44.5
BANGALORE_WARDS|Jagajivanaram Nagar,Jagajivanaram Nagar,Municipal Wards,12.9716,77.5946,12.9,10.8,37.9,0.11,0.46,1.9,13.1
BANGALORE_WARDS|Subramanyapura,Subramanyapura,Municipal Wards,12.9716,77.5946,8.7,12.6,26.3,0.24,0.49,4.7,30.7
BANGALORE_WARDS|Ibluru,Ibluru,Municipal Wards,12.9716,77.5946,9.9,12.2,26.7,0.12,0.54,3.9,14.4
BANGALORE_WARDS|Naganathapura,Naganathapura,Municipal Wards,12.9716,77.5946,11.7,9.5,34.9,0.09,0.76,3.1,44.6
BANGALORE_WARDS|Chamundi Nagara,Chamundi Nagara,Municipal Wards,12.9716,77.5946,12.1,9.2,32.8,0.22,0.68,3.5,9.9
BANGALORE_WARDS|Hulimavu,Hulimavu,Municipal Wards,12.9716,77.5946,10.6,11.0,38.2,0.17,0.62,2.8,19.9
BANGALORE_WARDS|Devaraj Urs Nagar,Devaraj Urs Nagar,Municipal Wards,12.9716,77.5946,10.6,12.4,33.4,0.26,0.54,2.5,25.4
BANGALORE_WARDS|Puttenahalli - Sarakki Lake,Puttenahalli - Sarakki Lake,Municipal Wards,12.9716,77.5946,8.6,12.8,19.7,0.18,0.72,4.7,25.0
BANGALORE_WARDS|Jogupalya,Jogupalya,Municipal Wards,12.9716,77.5946,8.8,12.1,29.9,0.09,0.82,4.5,43.2
BANGALORE_WARDS|Domlur,Domlur,Municipal Wards,12.9716,77.5946,9.5,10.7,31.1,0.23,0.62,2.0,41.5
BANGALORE_WARDS|RBI layout,RBI layout,Municipal Wards,12.9716,77.5946,10.9,12.3,21.9,0.24,0.76,2.0,37.3
BANGALORE_WARDS|Attiguppe,Attiguppe,Municipal Wards,12.9716,77.5946,9.7,11.0,29.7,0.17,0.76,2.6,24.0
BANGALORE_WARDS|Bapuji Nagar,Bapuji Nagar,Municipal Wards,12.9716,77.5946,8.8,10.2,20.3,0.06,0.73,3.5,37.1
BANGALORE_WARDS|Kanneshwara Rama,Kanneshwara Rama,Municipal Wards,12.9716,77.5946,12.7,11.3,22.6,0.13,0.7,3.8,16.0
BANGALORE_WARDS|Padarayanapura,Padarayanapura,Municipal Wards,12.9716,77.5946,9.7,10.6,23.8,0.13,0.66,3.0,44.2
BANGALORE_WARDS|Yelachenahalli,Yelachenahalli,Municipal Wards,12.9716,77.5946,10.8,10.7,41.7,0.22,0.58,4.5,19.0
BANGALORE_WARDS|J P Park,J P Park,Municipal Wards,12.9716,77.5946,11.3,12.2,35.2,0.06,0.47,2.9,16.4
BANGALORE_WARDS|Chalavadipalya,Chalavadipalya,Municipal Wards,12.9716,77.5946,11.1,10.4,40.6,0.18,0.68,2.6,10.7
BANGALORE_WARDS|Devarachikkanahalli,Devarachikkanahalli,Municipal Wards,12.9716,77.5946,8.1,9.6,20.9,0.14,0.8,3.0,28.5
BANGALORE_WARDS|Vijayanagar,Vijayanagar,Municipal Wards,12.9716,77.5946,11.3,10.2,41.3,0.09,0.74,3.1,22.5
BANGALORE_WARDS|Mangammanapalya,Mangammanapalya,Municipal Wards,12.9716,77.5946,10.7,11.3,29.8,0.18,0.74,2.5,38.1
BANGALORE_WARDS|Konanakunte,Konanakunte,Municipal Wards,12.9716,77.5946,10.8,9.3,41.7,0.16,0.68,1.9,47.7
BANGALORE_WARDS|Arakere,Arakere,Municipal Wards,12.9716,77.5946,10.7,9.1,21.0,0.19,0.46,3.8,42.8
BANGALORE_WARDS|Jaraganahalli,Jaraganahalli,Municipal Wards,12.9716,77.5946,10.0,12.3,19.2,0.18,0.75,2.6,39.2
BANGALORE_WARDS|Chunchaghatta,Chunchaghatta,Municipal Wards,12.9716,77.5946,10.5,11.5,23.5,0.24,0.72,1.8,33.1
BANGALORE_WARDS|Agara,Agara,Municipal Wards,12.9716,77.5946,12.4,9.3,33.8,0.13,0.8,2.0,16.4
BANGALORE_WARDS|Vikram Nagar,Vikram Nagar,Municipal Wards,12.9716,77.5946,13.0,12.2,40.2,0.11,0.64,2.5,25.0
BANGALORE_WARDS|Gottigere,Gottigere,Municipal Wards,12.9716,77.5946,10.9,11.7,32.4,0.09,0.76,3.3,45.0
BANGALORE_WARDS|Umamaheshwara Ward,Umamaheshwara Ward,Municipal Wards,12.9716,77.5946,8.4,9.4,34.7,0.19,0.63,2.3,16.7
BANGALORE_WARDS|Kumaraswamy Layout,Kumaraswamy Layout,Municipal Wards,12.9716,77.5946,10.6,9.6,29.8,0.07,0.81,2.2,20.6
BANGALORE_WARDS|Kempapura Agrahara,Kempapura Agrahara,Municipal Wards,12.9716,77.5946,9.9,11.8,32.3,0.15,0.46,4.0,21.5
BANGALORE_WARDS|Adugodi,Adugodi,Municipal Wards,12.9716,77.5946,10.7,9.5,36.1,0.19,0.71,3.3,37.1
BANGALORE_WARDS|Kacharkanahalli,Kacharkanahalli,Municipal Wards,12.9716,77.5946,11.1,11.3,40.7,0.18,0.58,4.1,15.8
BANGALORE_WARDS|Ejipura,Ejipura,Municipal Wards,12.9716,77.5946,8.8,10.1,40.5,0.27,0.53,1.9,25.0
BANGALORE_WARDS|HRBR Layout,HRBR Layout,Municipal Wards,12.9716,77.5946,11.6,12.1,27.2,0.18,0.65,2.2,43.1
BANGALORE_WARDS|Kaval Bairasandra,Kaval Bairasandra,Municipal Wards,12.9716,77.5946,8.1,9.4,31.1,0.22,0.48,3.8,24.9
BANGALORE_WARDS|Someshwara Nagar,Someshwara Nagar,Municipal Wards,12.9716,77.5946,8.7,10.3,20.2,0.22,0.81,3.4,40.3
BANGALORE_WARDS|Ashoka Pillar,Ashoka Pillar,Municipal Wards,12.9716,77.5946,12.0,9.9,22.2,0.23,0.71,3.6,27.3
BANGALORE_WARDS|Lakkasandra,Lakkasandra,Municipal Wards,12.9716,77.5946,9.1,9.2,27.4,0.2,0.61,3.1,8.7
BANGALORE_WARDS|Hombegowda Nagara,Hombegowda Nagara,Municipal Wards,12.9716,77.5946,11.0,11.8,40.4,0.12,0.53,3.4,29.0
BANGALORE_WARDS|Vishveshwara Puram,Vishveshwara Puram,Municipal Wards,12.9716,77.5946,9.7,11.9,23.9,0.2,0.64,2.3,28.1
BANGALORE_WARDS|Banasavadi,Banasavadi,Municipal Wards,12.9716,77.5946,9.4,9.6,27.5,0.26,0.75,3.6,29.7
BANGALORE_WARDS|Hennur,Hennur,Municipal Wards,12.9716,77.5946,8.4,10.7,25.7,0.11,0.74,4.3,19.3
BANGALORE_WARDS|Pulikeshinagar,Pulikeshinagar,Municipal Wards,12.9716,77.5946,8.7,12.3,38.6,0.26,0.47,4.7,21.9
BANGALORE_WARDS|Kodigehalli,Kodigehalli,Municipal Wards,12.9716,77.5946,11.1,11.5,25.8,0.26,0.8,3.9,14.8
BANGALORE_WARDS|Jakkuru,Jakkuru,Municipal Wards,12.9716,77.5946,12.3,9.2,41.3,0.25,0.74,4.3,22.7
BANGALORE_WARDS|Thanisandra,Thanisandra,Municipal Wards,12.9716,77.5946,11.1,11.2,25.3,0.08,0.66,1.9,43.0
BANGALORE_WARDS|Kempapura,Kempapura,Municipal Wards,12.9716,77.5946,12.3,9.2,32.3,0.16,0.72,3.5,11.3
BANGALORE_WARDS|Amrutahalli,Amrutahalli,Municipal Wards,12.9716,77.5946,9.7,10.4,35.4,0.07,0.76,3.8,34.7
BANGALORE_WARDS|Maruthi Seva Nagar,Maruthi Seva Nagar,Municipal Wards,12.9716,77.5946,12.4,9.3,37.2,0.19,0.49,4.1,9.8
BANGALORE_WARDS|Shakambari Nagar,Shakambari Nagar,Municipal Wards,12.9716,77.5946,8.3,10.1,22.1,0.13,0.71,4.7,43.1
BANGALORE_WARDS|Sagayarapuram,Sagayarapuram,Municipal Wards,12.9716,77.5946,9.9,10.2,21.6,0.15,0.76,2.5,13.3
BANGALORE_WARDS|Kammanahalli,Kammanahalli,Municipal Wards,12.9716,77.5946,10.0,12.8,39.6,0.28,0.48,3.1,23.3
BANGALORE_WARDS|Kushal Nagar,Kushal Nagar,Municipal Wards,12.9716,77.5946,12.3,9.0,28.9,0.12,0.68,2.7,47.4
BANGALORE_WARDS|Lingarajapura,Lingarajapura,Municipal Wards,12.9716,77.5946,9.3,10.1,21.1,0.13,0.72,3.5,38.1
BANGALORE_WARDS|Venkateshpura,Venkateshpura,Municipal Wards,12.9716,77.5946,9.6,10.9,34.8,0.08,0.68,1.8,46.9
BANGALORE_WARDS|Devara Jeevanahalli,Devara Jeevanahalli,Municipal Wards,12.9716,77.5946,9.8,11.9,38.8,0.2,0.73,2.7,13.5
BANGALORE_WARDS|Muneshwara Nagar,Muneshwara Nagar,Municipal Wards,12.9716,77.5946,12.4,11.0,30.2,0.14,0.51,3.4,26.1
BANGALORE_WARDS|S K Garden,S K Garden,Municipal Wards,12.9716,77.5946,12.8,11.8,34.8,0.09,0.56,2.7,47.8
BANGALORE_WARDS|Tilak Nagar,Tilak Nagar,Municipal Wards,12.9716,77.5946,10.8,10.9,35.7,0.11,0.49,2.6,41.3
BANGALORE_WARDS|Gurappanapalya,Gurappanapalya,Municipal Wards,12.9716,77.5946,10.8,11.1,39.6,0.12,0.71,3.8,35.0
BANGALORE_WARDS|Byrasandra,Byrasandra,Municipal Wards,12.9716,77.5946,9.5,9.6,40.7,0.2,0.52,2.9,37.4
BANGALORE_WARDS|Jakkasandra,Jakkasandra,Municipal Wards,12.9716,77.5946,12.3,9.1,35.2,0.12,0.74,3.6,31.6
BANGALORE_WARDS|Suddagunte Palya,Suddagunte Palya,Municipal Wards,12.9716,77.5946,8.5,11.2,30.5,0.22,0.59,1.9,27.3
BANGALORE_WARDS|Sunkenahalli,Sunkenahalli,Municipal Wards,12.9716,77.5946,9.0,9.1,31.2,0.23,0.47,2.7,42.4
BANGALORE_WARDS|Koramangala,Koramangala,Municipal Wards,12.9716,77.5946,8.1,11.3,29.6,0.24,0.5,3.3,31.8
BANGALORE_WARDS|Kogilu,Kogilu,Municipal Wards,12.9716,77.5946,11.9,11.2,19.5,0.16,0.72,3.6,46.2
BANGALORE_WARDS|Azad Nagar,Azad Nagar,Municipal Wards,12.9716,77.5946,12.4,10.1,24.0,0.07,0.69,4.4,43.8
BANGALORE_WARDS|Chamrajapet,Chamrajapet,Municipal Wards,12.9716,77.5946,9.4,10.2,18.5,0.19,0.49,4.2,46.9
BANGALORE_WARDS|Kadugondanahalli,Kadugondanahalli,Municipal Wards,12.9716,77.5946,9.9,9.1,34.9,0.12,0.75,4.3,31.0
BANGALORE_WARDS|Whitefield,Whitefield,Municipal Wards,12.9716,77.5946,11.3,9.3,39.9,0.23,0.8,1.9,24.3
BANGALORE_WARDS|Herohalli,Herohalli,Municipal Wards,12.9716,77.5946,12.3,11.5,32.2,0.08,0.68,4.6,29.4
BANGALORE_WARDS|Dodda Bidarakallu,Dodda Bidarakallu,Municipal Wards,12.9716,77.5946,8.5,10.7,24.0,0.1,0.71,3.4,45.6
BANGALORE_WARDS|Vasanthpura,Vasanthpura,Municipal Wards,12.9716,77.5946,8.4,12.2,25.9,0.15,0.66,2.6,25.0
BANGALORE_WARDS|HSR - Singasandra,HSR - Singasandra,Municipal Wards,12.9716,77.5946,10.8,12.2,19.2,0.08,0.69,3.8,24.2
BANGALORE_WARDS|Doddakanahalli,Doddakanahalli,Municipal Wards,12.9716,77.5946,9.7,11.9,21.3,0.14,0.79,4.4,26.7
BANGALORE_WARDS|Hampi Nagar,Hampi Nagar,Municipal Wards,12.9716,77.5946,10.3,11.4,38.7,0.19,0.6,3.7,14.9
BANGALORE_WARDS|Hosahalli,Hosahalli,Municipal Wards,12.9716,77.5946,12.7,10.2,27.7,0.1,0.59,4.4,41.5
BANGALORE_WARDS|Avalahalli,Avalahalli,Municipal Wards,12.9716,77.5946,10.1,11.1,25.0,0.09,0.61,3.4,8.8
BANGALORE_WARDS|Gali Anjenaya Temple ward,Gali Anjenaya Temple ward,Municipal Wards,12.9716,77.5946,9.6,9.1,28.8,0.18,0.64,2.3,9.6
BANGALORE_WARDS|Veerabhadranagar,Veerabhadranagar,Municipal Wards,12.9716,77.5946,10.5,12.4,30.2,0.25,0.5,2.0,44.3
BANGALORE_WARDS|Dharmaraya Swamy Temple Ward,Dharmaraya Swamy Temple Ward,Municipal Wards,12.9716,77.5946,8.7,12.6,24.9,0.11,0.78,2.6,29.1
BANGALORE_WARDS|Sudham Nagara,Sudham Nagara,Municipal Wards,12.9716,77.5946,10.6,10.7,20.3,0.17,0.49,4.0,25.9
BANGALORE_WARDS|Agaram,Agaram,Municipal Wards,12.9716,77.5946,8.3,9.6,38.7,0.27,0.47,2.3,15.9
BANGALORE_WARDS|AECS Layout,AECS Layout,Municipal Wards,12.9716,77.5946,12.7,10.3,37.6,0.27,0.57,3.0,18.5
BANGALORE_WARDS|Dodda Nekkundi,Dodda Nekkundi,Municipal Wards,12.9716,77.5946,12.0,12.9,27.6,0.27,0.58,4.4,48.0
BANGALORE_WARDS|Kadugodi,Kadugodi,Municipal Wards,12.9716,77.5946,12.6,11.1,34.9,0.15,0.79,4.3,23.3
BANGALORE_WARDS|Belathur,Belathur,Municipal Wards,12.9716,77.5946,8.5,10.6,39.1,0.1,0.7,4.1,35.0
BANGALORE_WARDS|Bommanahalli,Bommanahalli,Municipal Wards,12.9716,77.5946,9.3,10.4,19.3,0.19,0.5,2.9,44.8
BANGALORE_WARDS|Hongasandra,Hongasandra,Municipal Wards,12.9716,77.5946,11.2,12.9,37.3,0.24,0.6,2.2,11.0
BANGALORE_WARDS|Rupenaagrahara,Rupenaagrahara,Municipal Wards,12.9716,77.5946,11.0,10.7,24.0,0.26,0.68,3.9,42.6
BANGALORE_WARDS|Bilekhalli,Bilekhalli,Municipal Wards,12.9716,77.5946,11.1,11.4,19.1,0.22,0.8,3.5,33.0
BANGALORE_WARDS|Vinayakanagar,Vinayakanagar,Municipal Wards,12.9716,77.5946,11.3,9.1,19.8,0.19,0.57,4.2,41.8
BANGALORE_WARDS|Hosakerehalli,Hosakerehalli,Municipal Wards,12.9716,77.5946,8.8,9.3,31.4,0.28,0.54,3.9,29.2
BANGALORE_WARDS|Kamakya Nagar,Kamakya Nagar,Municipal Wards,12.9716,77.5946,12.1,9.7,31.4,0.09,0.61,3.5,46.7
BANGALORE_WARDS|Deen Dayalu Ward,Deen Dayalu Ward,Municipal Wards,12.9716,77.5946,10.1,9.3,29.8,0.19,0.61,3.2,35.2
BANGALORE_WARDS|Nagavara,Nagavara,Municipal Wards,12.9716,77.5946,12.1,13.0,36.4,0.27,0.49,4.8,25.5
BANGALORE_WARDS|Kammagondanahalli,Kammagondanahalli,Municipal Wards,12.9716,77.5946,8.4,10.9,18.9,0.06,0.76,2.2,12.5
BANGALORE_WARDS|Ramaswamy Palya,Ramaswamy Palya,Municipal Wards,12.9716,77.5946,8.7,11.4,28.4,0.07,0.5,3.8,36.1
BANGALORE_WARDS|Jayamahal,Jayamahal,Municipal Wards,12.9716,77.5946,12.4,12.9,34.0,0.19,0.66,2.5,18.8
BANGALORE_WARDS|Vasanth Nagar,Vasanth Nagar,Municipal Wards,12.9716,77.5946,9.0,11.9,22.8,0.19,0.51,2.8,19.6
BANGALORE_WARDS|Madivala,Madivala,Municipal Wards,12.9716,77.5946,8.2,10.0,33.9,0.22,0.52,1.8,41.9
BANGALORE_WARDS|BTM Layout,BTM Layout,Municipal Wards,12.9716,77.5946,12.0,12.8,25.8,0.23,0.68,3.1,9.2
BANGALORE_WARDS|N S Palya,N S Palya,Municipal Wards,12.9716,77.5946,11.9,10.8,28.2,0.1,0.78,4.8,45.3
BANGALORE_WARDS|Radhakrishna Temple Ward,Radhakrishna Temple Ward,Municipal Wards,12.9716,77.5946,11.4,12.3,18.5,0.27,0.76,4.0,46.5
BANGALORE_WARDS|Sanjaya Nagar,Sanjaya Nagar,Municipal Wards,12.9716,77.5946,8.8,12.3,21.2,0.15,0.77,4.6,41.6
BANGALORE_WARDS|Vishwanath Nagenahalli,Vishwanath Nagenahalli,Municipal Wards,12.9716,77.5946,10.5,9.0,29.6,0.08,0.46,3.9,34.4
BANGALORE_WARDS|Hebbala,Hebbala,Municipal Wards,12.9716,77.5946,11.7,10.6,21.1,0.1,0.82,2.8,35.0
BANGALORE_WARDS|Ganga Nagar,Ganga Nagar,Municipal Wards,12.9716,77.5946,8.3,11.0,36.4,0.18,0.71,2.0,38.5
BANGALORE_WARDS|Jayachamarajendra  Nagar,Jayachamarajendra  Nagar,Municipal Wards,12.9716,77.5946,11.8,11.0,22.2,0.22,0.69,1.9,39.6
BANGALORE_WARDS|Manorayanapalya,Manorayanapalya,Municipal Wards,12.9716,77.5946,11.7,12.1,20.8,0.15,0.47,2.3,26.5
BANGALORE_WARDS|Kuvempunagar,Kuvempunagar,Municipal Wards,12.9716,77.5946,10.0,11.3,40.6,0.24,0.77,2.1,35.5
BANGALORE_WARDS|Dodda Bommasandra,Dodda Bommasandra,Municipal Wards,12.9716,77.5946,12.8,10.9,40.4,0.26,0.52,1.8,12.6
BANGALORE_WARDS|Byatarayanapura,Byatarayanapura,Municipal Wards,12.9716,77.5946,11.6,9.2,21.0,0.08,0.59,3.3,22.4
BANGALORE_WARDS|Vidyaranyapura,Vidyaranyapura,Municipal Wards,12.9716,77.5946,11.3,12.9,27.3,0.08,0.55,2.4,13.4
BANGALORE_WARDS|Bagalakunte,Bagalakunte,Municipal Wards,12.9716,77.5946,8.9,10.1,18.9,0.08,0.61,2.3,46.0
BANGALORE_WARDS|Hagadur,Hagadur,Municipal Wards,12.9716,77.5946,12.1,12.6,26.2,0.15,0.65,3.1,15.4
BANGALORE_WARDS|Varthuru,Varthuru,Municipal Wards,12.9716,77.5946,9.0,12.2,30.0,0.17,0.62,3.1,34.0
BANGALORE_WARDS|Munnekollala,Munnekollala,Municipal Wards,12.9716,77.5946,12.2,12.4,24.9,0.07,0.73,4.4,34.2
BANGALORE_WARDS|Sarakki,Sarakki,Municipal Wards,12.9716,77.5946,8.5,9.2,20.9,0.27,0.72,3.8,12.8
BANGALORE_WARDS|J P Nagar,J P Nagar,Municipal Wards,12.9716,77.5946,11.6,11.8,24.4,0.19,0.82,4.2,16.2
BANGALORE_WARDS|Horamavu,Horamavu,Municipal Wards,12.9716,77.5946,10.6,11.3,29.5,0.28,0.54,2.5,29.2
BANGALORE_WARDS|Babusab Palya,Babusab Palya,Municipal Wards,12.9716,77.5946,8.4,11.1,31.4,0.1,0.56,4.8,14.3
BANGALORE_WARDS|Kalkere,Kalkere,Municipal Wards,12.9716,77.5946,10.4,12.7,26.4,0.1,0.58,4.7,11.8
BANGALORE_WARDS|Medahalli,Medahalli,Municipal Wards,12.9716,77.5946,10.8,11.6,24.9,0.1,0.59,3.2,20.1
BANGALORE_WARDS|Ramamurthy Nagara,Ramamurthy Nagara,Municipal Wards,12.9716,77.5946,8.2,11.5,21.3,0.2,0.74,3.0,28.5
BANGALORE_WARDS|Vijinapura,Vijinapura,Municipal Wards,12.9716,77.5946,9.1,12.2,31.7,0.09,0.65,2.1,18.7
BANGALORE_WARDS|K R Puram,K R Puram,Municipal Wards,12.9716,77.5946,11.9,9.9,33.9,0.27,0.62,4.8,40.1
BANGALORE_WARDS|Basavanapura,Basavanapura,Municipal Wards,12.9716,77.5946,8.9,12.6,27.7,0.08,0.72,3.5,36.4
BANGALORE_WARDS|Devasandra,Devasandra,Municipal Wards,12.9716,77.5946,13.0,12.2,33.3,0.22,0.77,2.3,38.1
BANGALORE_WARDS|A Narayanapura,A Narayanapura,Municipal Wards,12.9716,77.5946,11.5,12.8,24.2,0.17,0.74,3.3,38.7
BANGALORE_WARDS|Mahadevapura,Mahadevapura,Municipal Wards,12.9716,77.5946,10.5,9.7,38.9,0.09,0.75,4.7,11.5
BANGALORE_WARDS|Vijnana Nagar,Vijnana Nagar,Municipal Wards,12.9716,77.5946,11.8,12.8,22.0,0.09,0.58,2.0,44.1
BANGALORE_WARDS|Begur,Begur,Municipal Wards,12.9716,77.5946,8.1,9.4,18.8,0.16,0.6,4.7,19.0
BANGALORE_WARDS|Kalena Agrahara,Kalena Agrahara,Municipal Wards,12.9716,77.5946,12.2,11.9,30.2,0.06,0.5,2.8,9.1
BANGALORE_WARDS|Uttarahalli,Uttarahalli,Municipal Wards,12.9716,77.5946,9.3,11.5,22.4,0.24,0.57,4.7,17.1
BANGALORE_WARDS|Padmanabha Nagar,Padmanabha Nagar,Municipal Wards,12.9716,77.5946,9.7,11.6,25.2,0.23,0.71,2.3,31.4
BANGALORE_WARDS|Ganesh Mandir ward,Ganesh Mandir ward,Municipal Wards,12.9716,77.5946,11.5,11.6,36.0,0.27,0.78,4.5,11.3
BANGALORE_WARDS|Banashankari Temple ward,Banashankari Temple ward,Municipal Wards,12.9716,77.5946,9.7,9.5,30.2,0.19,0.75,4.1,31.2
BANGALORE_WARDS|Dr. Raj Kumar Ward,Dr. Raj Kumar Ward,Municipal Wards,12.9716,77.5946,8.5,12.0,27.3,0.19,0.67,4.5,17.5
BANGALORE_WARDS|Agrahara Dasarahalli,Agrahara Dasarahalli,Municipal Wards,12.9716,77.5946,8.4,12.6,24.8,0.24,0.57,3.7,20.1
BANGALORE_WARDS|Kaveripura,Kaveripura,Municipal Wards,12.9716,77.5946,11.9,11.3,21.2,0.13,0.68,2.9,20.4
BANGALORE_WARDS|Govindaraja Nagar,Govindaraja Nagar,Municipal Wards,12.9716,77.5946,12.4,10.8,28.5,0.23,0.52,2.4,41.2
BANGALORE_WARDS|Marenahalli,Marenahalli,Municipal Wards,12.9716,77.5946,11.4,11.2,27.7,0.16,0.69,3.1,25.4
BANGALORE_WARDS|Maruthi Mandir ward,Maruthi Mandir ward,Municipal Wards,12.9716,77.5946,8.6,9.5,34.7,0.12,0.73,1.9,34.1
BANGALORE_WARDS|Mudalapalya,Mudalapalya,Municipal Wards,12.9716,77.5946,11.6,9.1,31.7,0.09,0.71,3.4,46.1
BANGALORE_WARDS|Nagarabhavi,Nagarabhavi,Municipal Wards,12.9716,77.5946,9.4,11.4,32.8,0.06,0.56,3.8,19.6
BANGALORE_WARDS|Chandra Layout,Chandra Layout,Municipal Wards,12.9716,77.5946,11.2,12.9,26.2,0.07,0.71,3.4,30.6
BANGALORE_WARDS|Nayandahalli,Nayandahalli,Municipal Wards,12.9716,77.5946,9.6,12.9,26.2,0.17,0.56,4.5,37.8
BANGALORE_WARDS|Defence Colony,Defence Colony,Municipal Wards,12.9716,77.5946,10.9,9.3,20.9,0.27,0.72,3.4,37.4
BANGALORE_WARDS|Hemmigepura,Hemmigepura,Municipal Wards,12.9716,77.5946,11.1,9.5,24.1,0.09,0.73,4.5,25.2
BANGALORE_WARDS|Shanthi Nagar,Shanthi Nagar,Municipal Wards,12.9716,77.5946,10.3,10.9,26.4,0.15,0.67,3.7,23.5
BANGALORE_WARDS|Neelasandra,Neelasandra,Municipal Wards,12.9716,77.5946,12.2,10.9,38.0,0.1,0.78,3.8,27.9
BANGALORE_WARDS|Vannarapete,Vannarapete,Municipal Wards,12.9716,77.5946,11.5,11.8,31.3,0.1,0.81,3.6,32.2
BANGALORE_WARDS|Vidyamanyanagar,Vidyamanyanagar,Municipal Wards,12.9716,77.5946,8.2,9.6,26.0,0.23,0.81,3.1,22.9
